-- phpMyAdmin SQL Dump
-- version 5.0.2
-- https://www.phpmyadmin.net/
--
-- Host: localhost
-- Waktu pembuatan: 21 Bulan Mei 2021 pada 06.04
-- Versi server: 10.4.13-MariaDB
-- Versi PHP: 7.4.8

SET SQL_MODE = "NO_AUTO_VALUE_ON_ZERO";
START TRANSACTION;
SET time_zone = "+00:00";


/*!40101 SET @OLD_CHARACTER_SET_CLIENT=@@CHARACTER_SET_CLIENT */;
/*!40101 SET @OLD_CHARACTER_SET_RESULTS=@@CHARACTER_SET_RESULTS */;
/*!40101 SET @OLD_COLLATION_CONNECTION=@@COLLATION_CONNECTION */;
/*!40101 SET NAMES utf8mb4 */;

--
-- Database: `dai_ybm_pln_kalbar`
--

-- --------------------------------------------------------

--
-- Struktur dari tabel `failed_jobs`
--

CREATE TABLE `failed_jobs` (
  `id` bigint(20) UNSIGNED NOT NULL,
  `connection` text COLLATE utf8mb4_unicode_ci NOT NULL,
  `queue` text COLLATE utf8mb4_unicode_ci NOT NULL,
  `payload` longtext COLLATE utf8mb4_unicode_ci NOT NULL,
  `exception` longtext COLLATE utf8mb4_unicode_ci NOT NULL,
  `failed_at` timestamp NOT NULL DEFAULT current_timestamp()
) ENGINE=InnoDB DEFAULT CHARSET=utf8mb4 COLLATE=utf8mb4_unicode_ci;

-- --------------------------------------------------------

--
-- Struktur dari tabel `kegiatans`
--

CREATE TABLE `kegiatans` (
  `id` bigint(20) UNSIGNED NOT NULL,
  `tgl` varchar(255) COLLATE utf8mb4_unicode_ci NOT NULL,
  `jml_kajian` varchar(255) COLLATE utf8mb4_unicode_ci NOT NULL,
  `jml_jamaah` varchar(255) COLLATE utf8mb4_unicode_ci NOT NULL,
  `deskripsi` text COLLATE utf8mb4_unicode_ci DEFAULT NULL,
  `alamat` varchar(255) COLLATE utf8mb4_unicode_ci DEFAULT NULL,
  `id_kab` bigint(20) NOT NULL,
  `id_kec` bigint(20) NOT NULL,
  `id_desa` bigint(20) NOT NULL,
  `users_id` bigint(20) NOT NULL,
  `deleted_at` timestamp NULL DEFAULT NULL,
  `created_at` timestamp NULL DEFAULT NULL,
  `updated_at` timestamp NULL DEFAULT NULL,
  `date` varchar(255) COLLATE utf8mb4_unicode_ci DEFAULT NULL,
  `month` varchar(255) COLLATE utf8mb4_unicode_ci DEFAULT NULL,
  `year` varchar(255) COLLATE utf8mb4_unicode_ci DEFAULT NULL
) ENGINE=InnoDB DEFAULT CHARSET=utf8mb4 COLLATE=utf8mb4_unicode_ci;

-- --------------------------------------------------------

--
-- Struktur dari tabel `kegiatan_details`
--

CREATE TABLE `kegiatan_details` (
  `id` bigint(20) UNSIGNED NOT NULL,
  `kegiatans_id` bigint(20) NOT NULL,
  `foto` varchar(255) COLLATE utf8mb4_unicode_ci NOT NULL,
  `created_at` timestamp NULL DEFAULT NULL,
  `updated_at` timestamp NULL DEFAULT NULL
) ENGINE=InnoDB DEFAULT CHARSET=utf8mb4 COLLATE=utf8mb4_unicode_ci;

-- --------------------------------------------------------

--
-- Struktur dari tabel `kontak`
--

CREATE TABLE `kontak` (
  `id` bigint(20) UNSIGNED NOT NULL,
  `deskripsi` text COLLATE utf8mb4_unicode_ci DEFAULT NULL,
  `email` varchar(255) COLLATE utf8mb4_unicode_ci NOT NULL,
  `created_at` timestamp NULL DEFAULT NULL,
  `updated_at` timestamp NULL DEFAULT NULL,
  `subjek` varchar(255) COLLATE utf8mb4_unicode_ci DEFAULT NULL,
  `nama` varchar(255) COLLATE utf8mb4_unicode_ci DEFAULT NULL
) ENGINE=InnoDB DEFAULT CHARSET=utf8mb4 COLLATE=utf8mb4_unicode_ci;

--
-- Dumping data untuk tabel `kontak`
--

INSERT INTO `kontak` (`id`, `deskripsi`, `email`, `created_at`, `updated_at`, `subjek`, `nama`) VALUES
(23, 'vzxczxc', 'asdasdas@asd.das', NULL, NULL, NULL, NULL);

-- --------------------------------------------------------

--
-- Struktur dari tabel `kontaks`
--

CREATE TABLE `kontaks` (
  `id` bigint(20) UNSIGNED NOT NULL,
  `deskripsi` text COLLATE utf8mb4_unicode_ci DEFAULT NULL,
  `email` varchar(255) COLLATE utf8mb4_unicode_ci NOT NULL,
  `subjek` varchar(255) COLLATE utf8mb4_unicode_ci DEFAULT NULL,
  `nama` varchar(255) COLLATE utf8mb4_unicode_ci DEFAULT NULL,
  `created_at` timestamp NULL DEFAULT NULL,
  `updated_at` timestamp NULL DEFAULT NULL
) ENGINE=InnoDB DEFAULT CHARSET=utf8mb4 COLLATE=utf8mb4_unicode_ci;

-- --------------------------------------------------------

--
-- Struktur dari tabel `migrations`
--

CREATE TABLE `migrations` (
  `id` int(10) UNSIGNED NOT NULL,
  `migration` varchar(255) COLLATE utf8mb4_unicode_ci NOT NULL,
  `batch` int(11) NOT NULL
) ENGINE=InnoDB DEFAULT CHARSET=utf8mb4 COLLATE=utf8mb4_unicode_ci;

--
-- Dumping data untuk tabel `migrations`
--

INSERT INTO `migrations` (`id`, `migration`, `batch`) VALUES
(1, '2014_10_12_000000_create_users_table', 1),
(2, '2014_10_12_100000_create_password_resets_table', 1),
(3, '2019_08_19_000000_create_failed_jobs_table', 1),
(4, '2019_10_27_150610_create_banks_table', 1),
(5, '2019_10_27_171216_add_roles_field_to_users_table', 1),
(6, '2019_10_27_182002_add_username_field_to_users_table', 1),
(7, '2020_08_19_065409_create_roles_table', 1),
(8, '2020_08_19_065603_create_role_user_table', 1),
(9, '2020_10_22_090309_create_products_table', 1),
(10, '2020_10_22_100807_create_galleries_table', 1),
(11, '2021_02_26_022304_create_transactions_table', 2),
(12, '2021_02_26_022337_create_transaction_details_table', 2),
(13, '2021_03_18_020400_create_departments_table', 3),
(14, '2021_03_18_020411_create_employees_table', 3),
(15, '2021_03_18_090147_create_kegiatan_table', 4),
(16, '2021_03_18_090154_create_mualaf_table', 4),
(17, '2021_03_19_025526_create_kontak_table', 5),
(18, '2021_03_20_144800_create_mualafs_table', 6),
(19, '2021_03_20_144814_create_kegiatans_table', 7),
(20, '2021_03_20_145651_create_kegiatans_table', 8),
(21, '2021_03_20_145654_create_mualafs_table', 8),
(22, '2021_04_01_064852_create_kegiatan_details_table', 9),
(23, '2021_04_04_054640_create_kegiatan_details_table', 10),
(24, '2021_04_04_055138_create_kegiatan_details_table', 11),
(25, '2021_04_04_055158_create_kegiatans_table', 11),
(26, '2021_04_22_040245_create_mualaf_details_table', 12),
(27, '2021_04_22_090643_create_mualaf_details_table', 13),
(28, '2021_04_25_060537_create_kontaks_table', 14),
(29, '2021_05_06_092325_create_wilayah_dais_table', 15),
(30, '2021_05_16_080221_create_wilayah_desas_table', 16),
(31, '2021_05_16_080248_create_wilayah_kecs_table', 16),
(32, '2021_05_16_080253_create_wilayah_kabs_table', 16);

-- --------------------------------------------------------

--
-- Struktur dari tabel `mualafs`
--

CREATE TABLE `mualafs` (
  `id` bigint(20) UNSIGNED NOT NULL,
  `jml_mualaf` varchar(255) COLLATE utf8mb4_unicode_ci NOT NULL,
  `deskripsi` text COLLATE utf8mb4_unicode_ci DEFAULT NULL,
  `tgl` varchar(255) COLLATE utf8mb4_unicode_ci NOT NULL,
  `id_kab` bigint(20) DEFAULT NULL,
  `id_kec` bigint(20) DEFAULT NULL,
  `id_desa` bigint(20) DEFAULT NULL,
  `users_id` bigint(20) NOT NULL,
  `deleted_at` timestamp NULL DEFAULT NULL,
  `created_at` timestamp NULL DEFAULT NULL,
  `updated_at` timestamp NULL DEFAULT NULL,
  `alamat` varchar(255) COLLATE utf8mb4_unicode_ci DEFAULT NULL,
  `year` int(11) DEFAULT NULL,
  `month` varchar(255) COLLATE utf8mb4_unicode_ci DEFAULT NULL,
  `date` int(11) DEFAULT NULL
) ENGINE=InnoDB DEFAULT CHARSET=utf8mb4 COLLATE=utf8mb4_unicode_ci;

-- --------------------------------------------------------

--
-- Struktur dari tabel `mualaf_details`
--

CREATE TABLE `mualaf_details` (
  `id` bigint(20) UNSIGNED NOT NULL,
  `mualafs_id` bigint(20) NOT NULL,
  `nama` varchar(255) COLLATE utf8mb4_unicode_ci NOT NULL,
  `alamat` varchar(255) COLLATE utf8mb4_unicode_ci NOT NULL,
  `foto` varchar(255) COLLATE utf8mb4_unicode_ci NOT NULL,
  `created_at` timestamp NULL DEFAULT NULL,
  `updated_at` timestamp NULL DEFAULT NULL
) ENGINE=InnoDB DEFAULT CHARSET=utf8mb4 COLLATE=utf8mb4_unicode_ci;

-- --------------------------------------------------------

--
-- Struktur dari tabel `password_resets`
--

CREATE TABLE `password_resets` (
  `email` varchar(255) COLLATE utf8mb4_unicode_ci NOT NULL,
  `token` varchar(255) COLLATE utf8mb4_unicode_ci NOT NULL,
  `created_at` timestamp NULL DEFAULT NULL
) ENGINE=InnoDB DEFAULT CHARSET=utf8mb4 COLLATE=utf8mb4_unicode_ci;

-- --------------------------------------------------------

--
-- Struktur dari tabel `reg_districts`
--

CREATE TABLE `reg_districts` (
  `id` char(8) NOT NULL,
  `regency_id` char(5) NOT NULL,
  `name` varchar(255) NOT NULL
) ENGINE=InnoDB DEFAULT CHARSET=latin1;

--
-- Dumping data untuk tabel `reg_districts`
--

INSERT INTO `reg_districts` (`id`, `regency_id`, `name`) VALUES
('610101', '6101', 'Sambas'),
('610102', '6101', 'Teluk Keramat'),
('610103', '6101', 'Jawai'),
('610104', '6101', 'Tebas'),
('610105', '6101', 'Pemangkat'),
('610106', '6101', 'Sejangkung'),
('610107', '6101', 'Selakau'),
('610108', '6101', 'Paloh'),
('610109', '6101', 'Sajingan Besar'),
('610110', '6101', 'Subah'),
('610111', '6101', 'Galing'),
('610112', '6101', 'Tekarang'),
('610113', '6101', 'Semparuk'),
('610114', '6101', 'Sajad'),
('610115', '6101', 'Sebawi'),
('610116', '6101', 'Jawai Selatan'),
('610117', '6101', 'Tangaran'),
('610118', '6101', 'Salatiga'),
('610119', '6101', 'Selakau Timur'),
('610201', '6102', 'Mempawah Hilir'),
('610206', '6102', 'Toho'),
('610207', '6102', 'Sungai Pinyuh'),
('610208', '6102', 'Siantan'),
('610212', '6102', 'Sungai Kunyit'),
('610215', '6102', 'Segedong'),
('610216', '6102', 'Anjongan'),
('610217', '6102', 'Sadaniang'),
('610218', '6102', 'Mempawah Timur'),
('610301', '6103', 'Kapuas'),
('610302', '6103', 'Mukok'),
('610303', '6103', 'Noyan'),
('610304', '6103', 'Jangkang'),
('610305', '6103', 'Bonti'),
('610306', '6103', 'Beduai'),
('610307', '6103', 'Sekayam'),
('610308', '6103', 'Kembayan'),
('610309', '6103', 'Parindu'),
('610310', '6103', 'Tayan Hulu'),
('610311', '6103', 'Tayan Hilir'),
('610312', '6103', 'Balai'),
('610313', '6103', 'Toba'),
('610320', '6103', 'Meliau'),
('610321', '6103', 'Entikong'),
('610401', '6104', 'Matan Hilir Utara'),
('610402', '6104', 'Marau'),
('610403', '6104', 'Manis Mata'),
('610404', '6104', 'Kendawangan'),
('610405', '6104', 'Sandai'),
('610407', '6104', 'Sungai Laur'),
('610408', '6104', 'Simpang Hulu'),
('610411', '6104', 'Nanga Tayap'),
('610412', '6104', 'Matan Hilir Selatan'),
('610413', '6104', 'Tumbang Titi'),
('610414', '6104', 'Jelai Hulu'),
('610416', '6104', 'Delta Pawan'),
('610417', '6104', 'Muara Pawan'),
('610418', '6104', 'Benua Kayong'),
('610419', '6104', 'Hulu Sungai'),
('610420', '6104', 'Simpang Dua'),
('610421', '6104', 'Air Upas'),
('610422', '6104', 'Singkup'),
('610424', '6104', 'Pemahan'),
('610425', '6104', 'Sungai Melayu Rayak'),
('610501', '6105', 'Sintang'),
('610502', '6105', 'Tempunak'),
('610503', '6105', 'Sepauk'),
('610504', '6105', 'Ketungau Hilir'),
('610505', '6105', 'Ketungau Tengah'),
('610506', '6105', 'Ketungau Hulu'),
('610507', '6105', 'Dedai'),
('610508', '6105', 'Kayan Hilir'),
('610509', '6105', 'Kayan Hulu'),
('610514', '6105', 'Serawai'),
('610515', '6105', 'Ambalau'),
('610519', '6105', 'Kelam Permai'),
('610520', '6105', 'Sungai Tebelian'),
('610521', '6105', 'Binjai Hulu'),
('610601', '6106', 'Putussibau Utara'),
('610602', '6106', 'Bika'),
('610603', '6106', 'Embaloh Hilir'),
('610604', '6106', 'Embaloh Hulu'),
('610605', '6106', 'Bunut Hilir'),
('610606', '6106', 'Bunut Hulu'),
('610607', '6106', 'Jongkong'),
('610608', '6106', 'Hulu Gurung'),
('610609', '6106', 'Selimbau'),
('610610', '6106', 'Semitau'),
('610611', '6106', 'Seberuang'),
('610612', '6106', 'Batang Lupar'),
('610613', '6106', 'Empanang'),
('610614', '6106', 'Badau'),
('610615', '6106', 'Silat Hilir'),
('610616', '6106', 'Silat Hulu'),
('610617', '6106', 'Putussibau Selatan'),
('610618', '6106', 'Kalis'),
('610619', '6106', 'Boyan Tanjung'),
('610620', '6106', 'Mentebah'),
('610621', '6106', 'Pengkadan'),
('610622', '6106', 'Suhaid'),
('610623', '6106', 'Puring Kencana'),
('610701', '6107', 'Sungai Raya'),
('610702', '6107', 'Samalantan'),
('610703', '6107', 'Ledo'),
('610704', '6107', 'Bengkayang'),
('610705', '6107', 'Seluas'),
('610706', '6107', 'Sanggau Ledo'),
('610707', '6107', 'Jagoi Babang'),
('610708', '6107', 'Monterado'),
('610709', '6107', 'Teriak'),
('610710', '6107', 'Suti Semarang'),
('610711', '6107', 'Capkala'),
('610712', '6107', 'Siding'),
('610713', '6107', 'Lumar'),
('610714', '6107', 'Sungai Betung'),
('610715', '6107', 'Sungai Raya Kepulauan'),
('610716', '6107', 'Lembah Bawang'),
('610717', '6107', 'Tujuh Belas'),
('610801', '6108', 'Ngabang'),
('610802', '6108', 'Mempawah Hulu'),
('610803', '6108', 'Menjalin'),
('610804', '6108', 'Mandor'),
('610805', '6108', 'Air Besar'),
('610806', '6108', 'Menyuke'),
('610807', '6108', 'Sengah Temila'),
('610808', '6108', 'Meranti'),
('610809', '6108', 'Kuala Behe'),
('610810', '6108', 'Sebangki'),
('610811', '6108', 'Jelimpo'),
('610812', '6108', 'Banyuke Hulu'),
('610813', '6108', 'Sompak'),
('610901', '6109', 'Sekadau Hilir'),
('610902', '6109', 'Sekadau Hulu'),
('610903', '6109', 'Nanga Taman'),
('610904', '6109', 'Nanga Mahap'),
('610905', '6109', 'Belitang Hilir'),
('610906', '6109', 'Belitang Hulu'),
('610907', '6109', 'Belitang'),
('611001', '6110', 'Belimbing'),
('611002', '6110', 'Nanga Pinoh'),
('611003', '6110', 'Ella Hilir'),
('611004', '6110', 'Menukung'),
('611005', '6110', 'Sayan'),
('611006', '6110', 'Tanah Pinoh'),
('611007', '6110', 'Sokan'),
('611008', '6110', 'Pinoh Utara'),
('611009', '6110', 'Pinoh Selatan'),
('611010', '6110', 'Belimbing Hulu'),
('611011', '6110', 'Tanah Pinoh Barat'),
('611101', '6111', 'Sukadana'),
('611102', '6111', 'Simpang Hilir'),
('611103', '6111', 'Teluk Batang'),
('611104', '6111', 'Pulau Maya'),
('611105', '6111', 'Seponti'),
('611106', '6111', 'Kepulauan Karimata'),
('611201', '6112', 'Sungai Raya'),
('611202', '6112', 'Kuala Mandor B'),
('611203', '6112', 'Sungai Ambawang'),
('611204', '6112', 'Terentang'),
('611205', '6112', 'Batu Ampar'),
('611206', '6112', 'Kubu'),
('611207', '6112', 'Rasau Jaya'),
('611208', '6112', 'Teluk Pakedai'),
('611209', '6112', 'Sungai Kakap'),
('617101', '6171', 'Pontianak Selatan'),
('617102', '6171', 'Pontianak Timur'),
('617103', '6171', 'Pontianak Barat'),
('617104', '6171', 'Pontianak Utara'),
('617105', '6171', 'Pontianak Kota'),
('617106', '6171', 'Pontianak Tenggara'),
('617201', '6172', 'Singkawang Tengah'),
('617202', '6172', 'Singkawang Barat'),
('617203', '6172', 'Singkawang Timur'),
('617204', '6172', 'Singkawang Utara'),
('617205', '6172', 'Singkawang Selatan');

-- --------------------------------------------------------

--
-- Struktur dari tabel `reg_provinces`
--

CREATE TABLE `reg_provinces` (
  `id` char(2) NOT NULL,
  `name` varchar(255) NOT NULL
) ENGINE=InnoDB DEFAULT CHARSET=latin1;

--
-- Dumping data untuk tabel `reg_provinces`
--

INSERT INTO `reg_provinces` (`id`, `name`) VALUES
('61', 'KALIMANTAN BARAT');

-- --------------------------------------------------------

--
-- Struktur dari tabel `reg_regencies`
--

CREATE TABLE `reg_regencies` (
  `id` char(5) NOT NULL,
  `province_id` char(2) NOT NULL,
  `name` varchar(255) NOT NULL
) ENGINE=InnoDB DEFAULT CHARSET=latin1;

--
-- Dumping data untuk tabel `reg_regencies`
--

INSERT INTO `reg_regencies` (`id`, `province_id`, `name`) VALUES
('6101', '61', 'KAB. SAMBAS'),
('6102', '61', 'KAB. MEMPAWAH'),
('6103', '61', 'KAB. SANGGAU'),
('6104', '61', 'KAB. KETAPANG'),
('6105', '61', 'KAB. SINTANG'),
('6106', '61', 'KAB. KAPUAS HULU'),
('6107', '61', 'KAB. BENGKAYANG'),
('6108', '61', 'KAB. LANDAK'),
('6109', '61', 'KAB. SEKADAU'),
('6110', '61', 'KAB. MELAWI'),
('6111', '61', 'KAB. KAYONG UTARA'),
('6112', '61', 'KAB. KUBU RAYA'),
('6171', '61', 'KOTA PONTIANAK'),
('6172', '61', 'KOTA SINGKAWANG');

-- --------------------------------------------------------

--
-- Struktur dari tabel `reg_villages`
--

CREATE TABLE `reg_villages` (
  `id` char(13) NOT NULL,
  `district_id` char(8) NOT NULL,
  `name` varchar(255) NOT NULL
) ENGINE=InnoDB DEFAULT CHARSET=latin1;

--
-- Dumping data untuk tabel `reg_villages`
--

INSERT INTO `reg_villages` (`id`, `district_id`, `name`) VALUES
('6101012002', '610101', 'Lubuk Dagang'),
('6101012003', '610101', 'Tanjung Bugis'),
('6101012004', '610101', 'Pendawan'),
('6101012005', '610101', 'Pasar Melayu'),
('6101012006', '610101', 'Durian'),
('6101012007', '610101', 'Lorong'),
('6101012008', '610101', 'Jagur'),
('6101012009', '610101', 'Tumuk Manggis'),
('6101012010', '610101', 'Tanjung Mekar'),
('6101012011', '610101', 'Sebayan'),
('6101012012', '610101', 'Kartiasa'),
('6101012013', '610101', 'Saing Rambi'),
('6101012014', '610101', 'Lumbang'),
('6101012015', '610101', 'Sungai Rambah'),
('6101012023', '610101', 'Gapura'),
('6101012024', '610101', 'Sumber Harapan'),
('6101012029', '610101', 'Semangau'),
('6101022001', '610102', 'Sungai Kumpai'),
('6101022002', '610102', 'Sekura'),
('6101022003', '610102', 'Tri Mandayan'),
('6101022004', '610102', 'Pedada'),
('6101022005', '610102', 'Lela'),
('6101022006', '610102', 'Puringan'),
('6101022007', '610102', 'Berlimang'),
('6101022008', '610102', 'Sungai Baru'),
('6101022009', '610102', 'Sengawang'),
('6101022010', '610102', 'Teluk Kaseh'),
('6101022011', '610102', 'Sepadu'),
('6101022012', '610102', 'Tambatan'),
('6101022013', '610102', 'Kubangga'),
('6101022020', '610102', 'Sungai Serabek'),
('6101022021', '610102', 'Sayang Sedayu'),
('6101022022', '610102', 'Pipit Teja'),
('6101022024', '610102', 'Matang Segantar'),
('6101022025', '610102', 'Mulia'),
('6101022026', '610102', 'Teluk Kumbang'),
('6101022027', '610102', 'Samustida'),
('6101022028', '610102', 'Tanjung Kerucut'),
('6101022029', '610102', 'Sebagu'),
('6101022030', '610102', 'Mekar Sekuntum'),
('6101022031', '610102', 'Kuala Pangkalan Keramat'),
('6101022032', '610102', 'Sabing'),
('6101032001', '610103', 'Sarang Burung Danau'),
('6101032002', '610103', 'Sungai Nilam'),
('6101032003', '610103', 'Sarang Burung Kolam'),
('6101032004', '610103', 'Sarang Burung Usrat'),
('6101032005', '610103', 'Sarang Burung Kuala'),
('6101032006', '610103', 'Pelimpaan'),
('6101032007', '610103', 'Parit Setia'),
('6101032008', '610103', 'Bakau'),
('6101032009', '610103', 'Sungai Nyirih'),
('6101032010', '610103', 'Sentebang'),
('6101032011', '610103', 'Dungun Laut'),
('6101032021', '610103', 'Lambau'),
('6101032022', '610103', 'Mutus Darussalam'),
('6101042001', '610104', 'Tebas Kuala'),
('6101042002', '610104', 'Tebas Sungai'),
('6101042003', '610104', 'Sempalai'),
('6101042004', '610104', 'Bekut'),
('6101042005', '610104', 'Seberkat'),
('6101042006', '610104', 'Sejiram'),
('6101042007', '610104', 'Makrampai'),
('6101042008', '610104', 'Mekar Sekuntum'),
('6101042009', '610104', 'Mensere'),
('6101042010', '610104', 'Pusaka'),
('6101042011', '610104', 'Segedong'),
('6101042012', '610104', 'Sungai Kelambu'),
('6101042013', '610104', 'Serumpun Buluh'),
('6101042014', '610104', 'Pangkalan Kongsi'),
('6101042015', '610104', 'Dungun Perapakan'),
('6101042016', '610104', 'Batu Makjage'),
('6101042017', '610104', 'Serindang'),
('6101042018', '610104', 'Bukit Sigoler'),
('6101042019', '610104', 'Matang Labong'),
('6101042020', '610104', 'Maktangguk'),
('6101042021', '610104', 'Segarau Parit'),
('6101042022', '610104', 'Maribas'),
('6101042023', '610104', 'Seret Ayon'),
('6101052001', '610105', 'Pemangkat Kota'),
('6101052002', '610105', 'Harapan'),
('6101052003', '610105', 'Penjajap'),
('6101052005', '610105', 'Jelutung'),
('6101052013', '610105', 'Perapakan'),
('6101052016', '610105', 'Sebatuan'),
('6101052017', '610105', 'Gugah Sejahtera'),
('6101052018', '610105', 'Lonam'),
('6101062001', '610106', 'Sulung'),
('6101062002', '610106', 'Penakalan'),
('6101062003', '610106', 'Sekuduk'),
('6101062004', '610106', 'Setalik'),
('6101062005', '610106', 'Parit Raja'),
('6101062006', '610106', 'Piantus'),
('6101062007', '610106', 'Perigi Landu'),
('6101062008', '610106', 'Sendoyan'),
('6101062009', '610106', 'Senujuh'),
('6101062010', '610106', 'Perigi Limus'),
('6101062011', '610106', 'Semangga'),
('6101062012', '610106', 'Sepantai'),
('6101072001', '610107', 'Semelagi Besar'),
('6101072002', '610107', 'Sungai Daun'),
('6101072003', '610107', 'Sungai Rusa'),
('6101072004', '610107', 'Sungai Nyirih'),
('6101072005', '610107', 'Kuala'),
('6101072006', '610107', 'Parit Baru'),
('6101072007', '610107', 'Twi Mentibar'),
('6101072008', '610107', 'Bentunai'),
('6101072013', '610107', 'Pangkalan Bemban'),
('6101072014', '610107', 'Parit Kongsi'),
('6101072015', '610107', 'Gayung Bersambut'),
('6101082001', '610108', 'Sebubus'),
('6101082002', '610108', 'Nibung'),
('6101082003', '610108', 'Malek'),
('6101082004', '610108', 'Tanah Hitam'),
('6101082005', '610108', 'Matang Danau'),
('6101082006', '610108', 'Kalimantan'),
('6101082007', '610108', 'Temajuk'),
('6101082008', '610108', 'Mentibar'),
('6101092001', '610109', 'Kaliau\''),
('6101092002', '610109', 'Sebunga'),
('6101092003', '610109', 'Santaban'),
('6101092004', '610109', 'Senatab'),
('6101092005', '610109', 'Sungai Bening'),
('6101102001', '610110', 'Balai Gemuruh'),
('6101102002', '610110', 'Sungai Sapa\''),
('6101102003', '610110', 'Madak'),
('6101102004', '610110', 'Sabung'),
('6101102005', '610110', 'Tebuah Elok'),
('6101102006', '610110', 'Sungai Deden'),
('6101102007', '610110', 'Bukit Mulya'),
('6101102008', '610110', 'Mukti Raharja'),
('6101102009', '610110', 'Sempurna'),
('6101102010', '610110', 'Mensade'),
('6101102011', '610110', 'Karaban Jaya'),
('6101112001', '610111', 'Sagu'),
('6101112002', '610111', 'Sungai Palah'),
('6101112003', '610111', 'Galing'),
('6101112004', '610111', 'Tempapan Kuala'),
('6101112005', '610111', 'Tempapan Hulu'),
('6101112006', '610111', 'Ratu Sepudak'),
('6101112007', '610111', 'Tri Kembang'),
('6101112008', '610111', 'Tri Gadu'),
('6101112009', '610111', 'Teluk Pandan'),
('6101112010', '610111', 'Sijang'),
('6101122001', '610112', 'Tekarang'),
('6101122002', '610112', 'Merubung'),
('6101122003', '610112', 'Cepala'),
('6101122004', '610112', 'Sari Makmur'),
('6101122005', '610112', 'Rambayan'),
('6101122006', '610112', 'Sempadian'),
('6101122007', '610112', 'Matang Segarau'),
('6101132001', '610113', 'Singa Raya'),
('6101132002', '610113', 'Semparuk'),
('6101132003', '610113', 'Sepinggan'),
('6101132004', '610113', 'Sepadu'),
('6101132005', '610113', 'Seburing'),
('6101142001', '610114', 'Jirak'),
('6101142002', '610114', 'Tengguli'),
('6101142003', '610114', 'Mekar Jaya'),
('6101142004', '610114', 'Beringin'),
('6101152001', '610115', 'Rantau Panjang'),
('6101152002', '610115', 'Tebing Batu'),
('6101152003', '610115', 'Sebawi'),
('6101152004', '610115', 'Sepuk Tanjung'),
('6101152005', '610115', 'Sebangun'),
('6101152006', '610115', 'Sempalai Sebedang'),
('6101152007', '610115', 'Tempatan'),
('6101162001', '610116', 'Jawai Laut'),
('6101162002', '610116', 'Jelu Air'),
('6101162003', '610116', 'Matang Terap'),
('6101162004', '610116', 'Suah Api'),
('6101162005', '610116', 'Sari Laba A'),
('6101162006', '610116', 'Sari Laba B'),
('6101162007', '610116', 'Semperiuk A'),
('6101162008', '610116', 'Semperiuk B'),
('6101162009', '610116', 'Sabaran'),
('6101172001', '610117', 'Tangaran'),
('6101172002', '610117', 'Simpang Empat'),
('6101172003', '610117', 'Merabuan'),
('6101172004', '610117', 'Semata'),
('6101172005', '610117', 'Merpati'),
('6101172006', '610117', 'Pancur'),
('6101172007', '610117', 'Arung Parak'),
('6101172008', '610117', 'Arung Medang'),
('6101182001', '610118', 'Parit Baru'),
('6101182002', '610118', 'Sungai Toman'),
('6101182003', '610118', 'Serunai'),
('6101182004', '610118', 'Serumpun'),
('6101182005', '610118', 'Salatiga'),
('6101192001', '610119', 'Gelik'),
('6101192002', '610119', 'Seranggam'),
('6101192003', '610119', 'Selakau Tua'),
('6101192004', '610119', 'Buduk Sempadang'),
('6102011006', '610201', 'Tanjung'),
('6102011007', '610201', 'Tengah'),
('6102011009', '610201', 'Terusan'),
('6102012001', '610201', 'Sengkubang'),
('6102012002', '610201', 'Penibung'),
('6102012003', '610201', 'Pasir'),
('6102012013', '610201', 'Kuala Secapah'),
('6102012015', '610201', 'Malikian'),
('6102062001', '610206', 'Toho Ilir'),
('6102062002', '610206', 'Pak Laheng'),
('6102062003', '610206', 'Kecurit'),
('6102062004', '610206', 'Terap'),
('6102062005', '610206', 'Sepang'),
('6102062006', '610206', 'Pak Utan'),
('6102062007', '610206', 'Benuang'),
('6102062008', '610206', 'Sambora'),
('6102071011', '610207', 'Sungai Pinyuh'),
('6102072001', '610207', 'Sungai Rasau'),
('6102072002', '610207', 'Sungai Bakau Besar Darat'),
('6102072003', '610207', 'Sungai Purun Kecil'),
('6102072004', '610207', 'Sungai Bakau Besar Laut'),
('6102072005', '610207', 'Sungai Batang'),
('6102072006', '610207', 'Peniraman'),
('6102072007', '610207', 'Nusapati'),
('6102072008', '610207', 'Galang'),
('6102082001', '610208', 'Wajok Hilir'),
('6102082002', '610208', 'Sungai Nipah'),
('6102082006', '610208', 'Peniti Luar'),
('6102082009', '610208', 'Wajok Hulu'),
('6102082010', '610208', 'Jungkat'),
('6102122001', '610212', 'Sungai Duri I'),
('6102122002', '610212', 'Sungai Duri II'),
('6102122003', '610212', 'Bukit Batu'),
('6102122004', '610212', 'Sungai Bundung Laut'),
('6102122005', '610212', 'Sungai Kunyit Laut'),
('6102122006', '610212', 'Sungai Kunyit Dalam'),
('6102122007', '610212', 'Sungai Kunyit Hulu'),
('6102122008', '610212', 'Sungai Limau'),
('6102122009', '610212', 'Sungai Dungun'),
('6102122010', '610212', 'Mendalok'),
('6102122011', '610212', 'Semparong Parit Raden'),
('6102122012', '610212', 'Semudun'),
('6102152001', '610215', 'Peniti Besar'),
('6102152002', '610215', 'Sungai Purun Besar'),
('6102152003', '610215', 'Parit Bugis'),
('6102152004', '610215', 'Peniti Dalam I'),
('6102152005', '610215', 'Peniti Dalam II'),
('6102152006', '610215', 'Sungai Burung'),
('6102161001', '610216', 'Anjungan Melancar'),
('6102162002', '610216', 'Anjungan Dalam'),
('6102162003', '610216', 'Kepayang'),
('6102162004', '610216', 'Pak Bulu'),
('6102162005', '610216', 'Dema'),
('6102172001', '610217', 'Sekabuk'),
('6102172002', '610217', 'Pentek'),
('6102172003', '610217', 'Bum-bun'),
('6102172004', '610217', 'Amawang'),
('6102172005', '610217', 'Ansiap'),
('6102172006', '610217', 'Suak Barangan'),
('6102181001', '610218', 'Pulau Pedalaman'),
('6102181002', '610218', 'Pasir Wan Salim'),
('6102182003', '610218', 'Antibar'),
('6102182004', '610218', 'Sejegi'),
('6102182005', '610218', 'Pasir Palembang'),
('6102182006', '610218', 'Pasir Panjang'),
('6102182007', '610218', 'Sungai Bakau Kecil'),
('6102182008', '610218', 'Parit Banjar'),
('6103011001', '610301', 'Tanjung Kapuas'),
('6103011002', '610301', 'Tanjung Sekayam'),
('6103011003', '610301', 'Sungai Sengkuang'),
('6103011004', '610301', 'Ilir Kota'),
('6103011005', '610301', 'Beringin'),
('6103011006', '610301', 'Bunut'),
('6103012007', '610301', 'Penyeladi'),
('6103012008', '610301', 'Nanga Biang'),
('6103012009', '610301', 'Rambin'),
('6103012010', '610301', 'Entakai'),
('6103012011', '610301', 'Pana'),
('6103012012', '610301', 'Mengkiang'),
('6103012013', '610301', 'Kambong'),
('6103012014', '610301', 'Sungai Mawang'),
('6103012015', '610301', 'Lape'),
('6103012016', '610301', 'Penyelimau'),
('6103012017', '610301', 'Sungai Alai'),
('6103012018', '610301', 'Semerangkai'),
('6103012019', '610301', 'Sungai Batu'),
('6103012020', '610301', 'Sungai Muntik'),
('6103012021', '610301', 'Lintang Kapuas'),
('6103012022', '610301', 'Lintang Pelaman'),
('6103012023', '610301', 'Belangin'),
('6103012024', '610301', 'Penyelimau Jaya'),
('6103012025', '610301', 'Tapang Dulang'),
('6103012026', '610301', 'Botuh Lintang'),
('6103022001', '610302', 'Kedukul'),
('6103022002', '610302', 'Semuntai'),
('6103022003', '610302', 'Engkode'),
('6103022004', '610302', 'Sungai Mawang'),
('6103022005', '610302', 'Inggis'),
('6103022006', '610302', 'Layak Omang'),
('6103022007', '610302', 'Semanggis Raya'),
('6103022008', '610302', 'Tri Mulya'),
('6103022009', '610302', 'Serambai Jaya'),
('6103032001', '610303', 'Noyan'),
('6103032002', '610303', 'Empoto'),
('6103032003', '610303', 'Semongan'),
('6103032004', '610303', 'Sungai Dangin'),
('6103032005', '610303', 'Idas'),
('6103042001', '610304', 'Balai Sebut'),
('6103042002', '610304', 'Jangkang Benua'),
('6103042003', '610304', 'Tanggung'),
('6103042004', '610304', 'Empiyang'),
('6103042005', '610304', 'Pisang'),
('6103042006', '610304', 'Ketori'),
('6103042007', '610304', 'Semombat'),
('6103042008', '610304', 'Terati'),
('6103042009', '610304', 'Sape'),
('6103042010', '610304', 'Selampung'),
('6103042011', '610304', 'Semirau'),
('6103052001', '610305', 'Bonti'),
('6103052002', '610305', 'Sami'),
('6103052003', '610305', 'Bahta'),
('6103052004', '610305', 'Upe'),
('6103052005', '610305', 'Tunggul Boyok'),
('6103052006', '610305', 'Empodis'),
('6103052007', '610305', 'Kampuh'),
('6103052008', '610305', 'Bantai'),
('6103052009', '610305', 'Majel'),
('6103062001', '610306', 'Kasro Mego'),
('6103062002', '610306', 'Bereng Berkawat'),
('6103062003', '610306', 'Sungai Ilai'),
('6103062004', '610306', 'Thang Raya'),
('6103062005', '610306', 'Mawang Muda'),
('6103072001', '610307', 'Balai Karangan'),
('6103072002', '610307', 'Pengadang'),
('6103072003', '610307', 'Sotok'),
('6103072004', '610307', 'Kenaman'),
('6103072005', '610307', 'Raut Muara'),
('6103072006', '610307', 'Engkahan'),
('6103072007', '610307', 'Bungkang'),
('6103072008', '610307', 'Lubuk Sabuk'),
('6103072009', '610307', 'Sangai Tekam'),
('6103072010', '610307', 'Melenggang'),
('6103082001', '610308', 'Tanjung Bunga'),
('6103082002', '610308', 'Semayang'),
('6103082003', '610308', 'Sebongkuh'),
('6103082004', '610308', 'Kuala Dua'),
('6103082005', '610308', 'Tanjung Merpati'),
('6103082006', '610308', 'Sejuah'),
('6103082007', '610308', 'Mobui'),
('6103082008', '610308', 'Tanap'),
('6103082009', '610308', 'Sebuduh'),
('6103082010', '610308', 'Kelompu'),
('6103082011', '610308', 'Tunggal Bhakti'),
('6103092001', '610309', 'Pusat Damai'),
('6103092002', '610309', 'Maju Karya'),
('6103092003', '610309', 'Sebara'),
('6103092004', '610309', 'Pandu Raya'),
('6103092005', '610309', 'Embala'),
('6103092006', '610309', 'Hibun'),
('6103092007', '610309', 'Maringin Jaya'),
('6103092008', '610309', 'Suka Mulya'),
('6103092009', '610309', 'Palem Jaya'),
('6103092010', '610309', 'Rahayu'),
('6103092011', '610309', 'Dosan'),
('6103092012', '610309', 'Suka Gerundi'),
('6103092013', '610309', 'Gunam'),
('6103092014', '610309', 'Marita'),
('6103102001', '610310', 'Sosok'),
('6103102002', '610310', 'Peruan Dalam'),
('6103102003', '610310', 'Menyabo'),
('6103102004', '610310', 'Mandong'),
('6103102005', '610310', 'Janjang'),
('6103102006', '610310', 'Riyai'),
('6103102007', '610310', 'Berakak'),
('6103102008', '610310', 'Engkasan'),
('6103102009', '610310', 'Pandan Sembuat'),
('6103102010', '610310', 'Binjai'),
('6103102011', '610310', 'Kedakas'),
('6103112001', '610311', 'Pulau Tayan Utara'),
('6103112002', '610311', 'Kawat'),
('6103112003', '610311', 'Pedalaman'),
('6103112004', '610311', 'Balai Ingin'),
('6103112005', '610311', 'Lalang'),
('6103112006', '610311', 'Cempedak'),
('6103112007', '610311', 'Melugai'),
('6103112008', '610311', 'Emberas'),
('6103112009', '610311', 'Beginjan'),
('6103112010', '610311', 'Sejotang'),
('6103112011', '610311', 'Sebemban'),
('6103112012', '610311', 'Subah'),
('6103112013', '610311', 'Sungai Jaman'),
('6103112014', '610311', 'Tanjung Bunut'),
('6103112015', '610311', 'Tebang Benua'),
('6103122001', '610312', 'Hilir'),
('6103122002', '610312', 'Padi Kaye'),
('6103122003', '610312', 'Temiang Mali'),
('6103122004', '610312', 'Cowet'),
('6103122005', '610312', 'Kebadu'),
('6103122006', '610312', 'Mak Kawing'),
('6103122007', '610312', 'Tae'),
('6103122008', '610312', 'Semoncol'),
('6103122009', '610312', 'Empirang Ujung'),
('6103122010', '610312', 'Bulu Bala'),
('6103122011', '610312', 'Temiang Taba'),
('6103122012', '610312', 'Senyabang'),
('6103132001', '610313', 'Teraju'),
('6103132002', '610313', 'Belungai Dalam'),
('6103132003', '610313', 'Sansat'),
('6103132004', '610313', 'Kampung Baru'),
('6103132005', '610313', 'Bagan Asam'),
('6103132006', '610313', 'Lumut'),
('6103132007', '610313', 'Balai Belungai'),
('6103202001', '610320', 'Meliau Hilir'),
('6103202002', '610320', 'Meliau Hulu'),
('6103202003', '610320', 'Kuala Buayan'),
('6103202004', '610320', 'Meranggau'),
('6103202005', '610320', 'Melobok'),
('6103202006', '610320', 'Sungai Mayam'),
('6103202007', '610320', 'Pampang Dua'),
('6103202008', '610320', 'Kuala Rosan'),
('6103202009', '610320', 'Sungai Kembayau'),
('6103202010', '610320', 'Kunyil'),
('6103202011', '610320', 'Cupang'),
('6103202012', '610320', 'Lalang'),
('6103202013', '610320', 'Baru Lombak'),
('6103202014', '610320', 'Enggadai'),
('6103202015', '610320', 'Balai Tinggi'),
('6103202017', '610320', 'Bhakti Jaya'),
('6103202018', '610320', 'Mukti Jaya'),
('6103202019', '610320', 'Melawi Makmur'),
('6103202020', '610320', 'Harapan Makmur'),
('6103212001', '610321', 'Nekan'),
('6103212002', '610321', 'Semanget'),
('6103212003', '610321', 'Entikong'),
('6103212004', '610321', 'Pala Pasang'),
('6103212005', '610321', 'Suruh Tembawang'),
('6104012011', '610401', 'Sungai Putri'),
('6104012012', '610401', 'Tanjung Baik Budi'),
('6104012013', '610401', 'Kuala Tolak'),
('6104012014', '610401', 'Kuala Satong'),
('6104012015', '610401', 'Lamon Satong'),
('6104022001', '610402', 'Suka Karya'),
('6104022002', '610402', 'Randai'),
('6104022003', '610402', 'Belaban'),
('6104022004', '610402', 'Runjai Jaya'),
('6104022008', '610402', 'Karya Baru'),
('6104022020', '610402', 'Riam Batu Gading'),
('6104022021', '610402', 'Batu Payung Dua'),
('6104022022', '610402', 'Bantan Sari'),
('6104022023', '610402', 'Pelanjau Jaya'),
('6104022024', '610402', 'Rangkung'),
('6104032001', '610403', 'Manis Mata'),
('6104032002', '610403', 'Air Dekakah'),
('6104032003', '610403', 'Suka Ramai'),
('6104032004', '610403', 'Suak Burung'),
('6104032005', '610403', 'Silat'),
('6104032006', '610403', 'Terusan'),
('6104032007', '610403', 'Kemuning'),
('6104032008', '610403', 'Kelampai'),
('6104032009', '610403', 'Bukit Gajah'),
('6104032010', '610403', 'Lembah Mukti'),
('6104032011', '610403', 'Asam Besar'),
('6104032012', '610403', 'Batu Sedau'),
('6104032013', '610403', 'Jambi'),
('6104032014', '610403', 'Seguling'),
('6104032015', '610403', 'Kalimantan'),
('6104032016', '610403', 'Pelempangan'),
('6104032017', '610403', 'Sengkuang Merabong'),
('6104032018', '610403', 'Pakit Selaba'),
('6104032019', '610403', 'Sungai Buluh'),
('6104032020', '610403', 'Ratu Elok'),
('6104032021', '610403', 'Mekar Jaya'),
('6104032022', '610403', 'Tribun Jaya'),
('6104042001', '610404', 'Kendawangan Kiri'),
('6104042002', '610404', 'Banjar Sari'),
('6104042003', '610404', 'Kendawangan Kanan'),
('6104042004', '610404', 'Pangkalan Batu'),
('6104042005', '610404', 'Bangkal Serai'),
('6104042006', '610404', 'Air Hitam Besar'),
('6104042007', '610404', 'Suka Harapan'),
('6104042008', '610404', 'Suka Damai'),
('6104042009', '610404', 'Selimantan Jaya'),
('6104042010', '610404', 'Danau Buntar'),
('6104042011', '610404', 'Mekar Utama'),
('6104042012', '610404', 'Pembedilan'),
('6104042013', '610404', 'Airhitam Hulu'),
('6104042014', '610404', 'Natai Kuini'),
('6104042015', '610404', 'Keramat Jaya'),
('6104042016', '610404', 'Seriam'),
('6104042017', '610404', 'Kedondong'),
('6104042018', '610404', 'Sungai Jelayan'),
('6104042019', '610404', 'Air Tarap'),
('6104052001', '610405', 'Sandai'),
('6104052002', '610405', 'Randau Jungkal'),
('6104052006', '610405', 'Penjawaan'),
('6104052007', '610405', 'Muara Jekak'),
('6104052008', '610405', 'Petai Patah'),
('6104052010', '610405', 'Randau'),
('6104052011', '610405', 'Sandai Kiri'),
('6104052012', '610405', 'Demit'),
('6104052013', '610405', 'Pendamaran Indah'),
('6104052014', '610405', 'Merimbang Jaya'),
('6104052015', '610405', 'Alam Pakuan'),
('6104052016', '610405', 'Jago Bersatu'),
('6104052017', '610405', 'Istana'),
('6104072001', '610407', 'Riam Bunut'),
('6104072002', '610407', 'Sempurna'),
('6104072003', '610407', 'Bengaras'),
('6104072004', '610407', 'Sepotong'),
('6104072005', '610407', 'Sukaramai'),
('6104072006', '610407', 'Tanjung Beringin'),
('6104072007', '610407', 'Harapan Baru'),
('6104072008', '610407', 'Randau Limat'),
('6104072009', '610407', 'Bayun Sari'),
('6104072010', '610407', 'Teluk Bayur'),
('6104072011', '610407', 'Tanjung Maju'),
('6104072012', '610407', 'Sungai Daka'),
('6104072013', '610407', 'Mekar Harapan'),
('6104072014', '610407', 'Sinar Kuri'),
('6104072015', '610407', 'Selangkut Raya'),
('6104072016', '610407', 'Lanjut Mekar Sari'),
('6104072017', '610407', 'Kepari'),
('6104072018', '610407', 'Teluk Mutiara'),
('6104072019', '610407', 'Merabu Jaya'),
('6104082001', '610408', 'Balai Pinang'),
('6104082002', '610408', 'Semandang Kiri'),
('6104082003', '610408', 'Kualan Hulu'),
('6104082005', '610408', 'Semandang Hulu'),
('6104082006', '610408', 'Merawa'),
('6104082009', '610408', 'Kualan Tengah'),
('6104082010', '610408', 'Kualan Hilir'),
('6104082011', '610408', 'Sekucing Labai'),
('6104082012', '610408', 'Paoh Concong'),
('6104082013', '610408', 'Legong'),
('6104082014', '610408', 'Kenanga'),
('6104082015', '610408', 'Balai Pinang Hulu'),
('6104082016', '610408', 'Sekucing Kualan'),
('6104082017', '610408', 'Labai Hilir'),
('6104082018', '610408', 'Botuh Bosi'),
('6104112001', '610411', 'Nanga Tayap'),
('6104112002', '610411', 'Pangkalan Telok'),
('6104112003', '610411', 'Pangkalan Suka'),
('6104112004', '610411', 'Betenung'),
('6104112005', '610411', 'Batu Mas'),
('6104112006', '610411', 'Sungai Kelik'),
('6104112007', '610411', 'Lembah Hijau Satu'),
('6104112008', '610411', 'Lembah Hijau Dua'),
('6104112009', '610411', 'Siantau Raya'),
('6104112010', '610411', 'Sebadak Raya'),
('6104112011', '610411', 'Simpang Tiga Sembelangaan'),
('6104112012', '610411', 'Mensubang'),
('6104112013', '610411', 'Tajok Kayong'),
('6104112014', '610411', 'Kayong Utara'),
('6104112015', '610411', 'Kayong Hulu'),
('6104112016', '610411', 'Sepakat Jaya'),
('6104112017', '610411', 'Cegolak'),
('6104112018', '610411', 'Pateh Benteng'),
('6104112019', '610411', 'Tanjung Medan'),
('6104112020', '610411', 'Kayung Tuhe'),
('6104122006', '610412', 'Sungai Jawi'),
('6104122007', '610412', 'Pesaguan Kiri'),
('6104122008', '610412', 'Sungai Pelang'),
('6104122012', '610412', 'Sungai Bakau'),
('6104122013', '610412', 'Pematang Gadung'),
('6104122014', '610412', 'Pesaguan Kanan'),
('6104122015', '610412', 'Sungai Besar'),
('6104122016', '610412', 'Sungai Nanjung'),
('6104122017', '610412', 'Kemuning Biutak'),
('6104122018', '610412', 'Harapan Baru'),
('6104122019', '610412', 'Pagar Mentimun'),
('6104132001', '610413', 'Tumbang Titi'),
('6104132002', '610413', 'Natai Panjang'),
('6104132003', '610413', 'Serengkah'),
('6104132004', '610413', 'Mahawa'),
('6104132005', '610413', 'Nanga Kelampai'),
('6104132006', '610413', 'Batu Tajam'),
('6104132009', '610413', 'Kalimas Baru'),
('6104132013', '610413', 'Pemuatan Jaya'),
('6104132016', '610413', 'Sengkaharak'),
('6104132020', '610413', 'Belaban Tujuh'),
('6104132023', '610413', 'Segar Wangi'),
('6104132024', '610413', 'Petebang Jaya'),
('6104132025', '610413', 'Aur Gading'),
('6104132026', '610413', 'Beringin Rayo'),
('6104132027', '610413', 'Titi Baru'),
('6104132028', '610413', 'Tanjung Beulang'),
('6104132029', '610413', 'Batu Beransak'),
('6104132030', '610413', 'Serengkah Kanan'),
('6104132031', '610413', 'Sepauhan Raya'),
('6104132032', '610413', 'Jungkal'),
('6104132033', '610413', 'Jelayan'),
('6104132034', '610413', 'Pengatapan Raya'),
('6104132035', '610413', 'Suka Damai'),
('6104132036', '610413', 'Tanjung Maloi'),
('6104132037', '610413', 'Sepuring Indah'),
('6104142001', '610414', 'Periangan'),
('6104142002', '610414', 'Tanggerang'),
('6104142003', '610414', 'Kesuma Jaya'),
('6104142004', '610414', 'Penyarang'),
('6104142005', '610414', 'Biku Sarana'),
('6104142006', '610414', 'Semantun'),
('6104142007', '610414', 'Riam Danau Kanan'),
('6104142008', '610414', 'Limpang'),
('6104142009', '610414', 'Pasir Mayang'),
('6104142010', '610414', 'Tebing Berseri'),
('6104142011', '610414', 'Deranuk'),
('6104142012', '610414', 'Rangga Intan'),
('6104142013', '610414', 'Pangkalan Suka'),
('6104142014', '610414', 'Teluk Runjai'),
('6104142015', '610414', 'Asam Jelai'),
('6104142016', '610414', 'Air Dua'),
('6104142017', '610414', 'Sidahari'),
('6104142018', '610414', 'Kusik Batu Lapu'),
('6104142019', '610414', 'Karang Dangin'),
('6104142020', '610414', 'Perigi'),
('6104142021', '610414', 'Bayam Raya'),
('6104142022', '610414', 'Pangkalan Paket'),
('6104161001', '610416', 'Kantor'),
('6104161002', '610416', 'Tengah'),
('6104161003', '610416', 'Mulia Baru'),
('6104161004', '610416', 'Sampit'),
('6104161005', '610416', 'Suka Harja'),
('6104162006', '610416', 'Suka Bangun'),
('6104162007', '610416', 'Kali Nilam'),
('6104162008', '610416', 'Paya Kumang'),
('6104162009', '610416', 'Suka Bangun Dalam'),
('6104172001', '610417', 'Sungai Awan Kanan'),
('6104172002', '610417', 'Sungai Awan Kiri'),
('6104172003', '610417', 'Tempurukan'),
('6104172004', '610417', 'Ulak Medang'),
('6104172005', '610417', 'Tanjung Pura'),
('6104172006', '610417', 'Mayak'),
('6104172007', '610417', 'Tanjung Pasar'),
('6104172008', '610417', 'Suka Maju'),
('6104181001', '610418', 'Kauman'),
('6104181002', '610418', 'Mulia Kerta'),
('6104181004', '610418', 'Tuan-Tuan'),
('6104181009', '610418', 'Banjar'),
('6104182003', '610418', 'Padang'),
('6104182005', '610418', 'Sungai Kinjil'),
('6104182006', '610418', 'Suka Baru'),
('6104182007', '610418', 'Baru'),
('6104182008', '610418', 'Negeri Baru'),
('6104182010', '610418', 'Mekar Sari'),
('6104182011', '610418', 'Kinjil Pesisir'),
('6104192001', '610419', 'Menyumbung'),
('6104192002', '610419', 'Senduruhan'),
('6104192003', '610419', 'Cinta Manis'),
('6104192004', '610419', 'Beginci Darat'),
('6104192005', '610419', 'Benua Krio'),
('6104192006', '610419', 'Riam Dadap'),
('6104192007', '610419', 'Sekukun'),
('6104192008', '610419', 'Batu Lapis'),
('6104192009', '610419', 'Krio Hulu'),
('6104192010', '610419', 'Kenyabur'),
('6104192011', '610419', 'Sunge Bengaras'),
('6104192012', '610419', 'Lubuk Kakap'),
('6104202001', '610420', 'Semandang Kanan'),
('6104202002', '610420', 'Gema'),
('6104202003', '610420', 'Mekar Raya'),
('6104202004', '610420', 'Kampar Sebomban'),
('6104202005', '610420', 'Batu Daya'),
('6104202006', '610420', 'Kamora'),
('6104212001', '610421', 'Air Upas'),
('6104212002', '610421', 'Sari Bekayas'),
('6104212003', '610421', 'Air Durian Jaya'),
('6104212004', '610421', 'Harapan Baru'),
('6104212005', '610421', 'Suka Ria'),
('6104212006', '610421', 'Banda Sari'),
('6104212007', '610421', 'Membuluh Baru'),
('6104212008', '610421', 'Gahang'),
('6104212009', '610421', 'Mekar Jaya'),
('6104222001', '610422', 'Suka Mulia'),
('6104222002', '610422', 'Sukaraja'),
('6104222003', '610422', 'Bukit Kelambing'),
('6104222004', '610422', 'Muntai'),
('6104222005', '610422', 'Suka Sari'),
('6104222006', '610422', 'Sukaharja'),
('6104222007', '610422', 'Tanah Hitam'),
('6104222008', '610422', 'Pantai Ketikal'),
('6104242001', '610424', 'Pebihingan'),
('6104242002', '610424', 'Lalang Panjang'),
('6104242003', '610424', 'Semayok Baru'),
('6104242004', '610424', 'Muara Gerunggang'),
('6104242005', '610424', 'Usaha Baru'),
('6104242006', '610424', 'Kerta Baru'),
('6104242007', '610424', 'Muara Semayok'),
('6104252001', '610425', 'Beringin Jaya'),
('6104252002', '610425', 'Sungai Melayu Baru'),
('6104252003', '610425', 'Suka Mulya'),
('6104252004', '610425', 'Karya Mukti'),
('6104252005', '610425', 'Piansak'),
('6104252006', '610425', 'Jairan Jaya'),
('6104252007', '610425', 'Kepuluk'),
('6104252008', '610425', 'Sungai Melayu Jaya'),
('6104252009', '610425', 'Sungai Melayu'),
('6104252010', '610425', 'Mekar Jaya'),
('6104252011', '610425', 'Makmur Abadi'),
('6105011001', '610501', 'Ladang'),
('6105011002', '610501', 'Kapuas Kanan Hulu'),
('6105011003', '610501', 'Tanjung Puri'),
('6105011004', '610501', 'Kapuas Kanan Hilir'),
('6105011005', '610501', 'Kapuas Kiri Hilir'),
('6105011006', '610501', 'Kapuas Kiri Hulu'),
('6105011016', '610501', 'Akcaya'),
('6105011017', '610501', 'Alai'),
('6105011018', '610501', 'Rawa Mambok'),
('6105011019', '610501', 'Sengkuang'),
('6105011020', '610501', 'Mengkurai'),
('6105011021', '610501', 'Kedabang'),
('6105011022', '610501', 'Mekar Jaya'),
('6105011023', '610501', 'Batu Lalau'),
('6105011024', '610501', 'Menyumbung Tengah'),
('6105011025', '610501', 'Ulak Jaya'),
('6105012007', '610501', 'Baning Kota'),
('6105012008', '610501', 'Tertung'),
('6105012009', '610501', 'Mungguk Bantok'),
('6105012010', '610501', 'Teluk Kelansam'),
('6105012011', '610501', 'Sungai Ana'),
('6105012012', '610501', 'Merti Guna'),
('6105012013', '610501', 'Tanjung Kelansam'),
('6105012014', '610501', 'Anggah Jaya'),
('6105012015', '610501', 'Lalang Baru'),
('6105012026', '610501', 'Tebing Raya'),
('6105012027', '610501', 'Mail Jampong'),
('6105012028', '610501', 'Jerora Satu'),
('6105012029', '610501', 'Kebiau Baru'),
('6105022001', '610502', 'Nanga Tempunak'),
('6105022002', '610502', 'Mensiap Baru'),
('6105022003', '610502', 'Tanjung Perada'),
('6105022004', '610502', 'Suka Jaya'),
('6105022005', '610502', 'Mengkurat Baru'),
('6105022006', '610502', 'Peribang Baru'),
('6105022007', '610502', 'Repak Sari'),
('6105022008', '610502', 'Pagal Baru'),
('6105022009', '610502', 'Kenyabur Baru'),
('6105022010', '610502', 'Benua Baru'),
('6105022011', '610502', 'Tinum Baru'),
('6105022012', '610502', 'Pangkal Baru'),
('6105022013', '610502', 'Pulau Jaya'),
('6105022014', '610502', 'Kuala Tiga'),
('6105022015', '610502', 'Gurung Mali'),
('6105022016', '610502', 'Merti Jaya'),
('6105022017', '610502', 'Benua Kencana'),
('6105022018', '610502', 'Balai Harapan'),
('6105022019', '610502', 'Tempunak Kapuas'),
('6105022020', '610502', 'Riam Batu'),
('6105022021', '610502', 'Pudau Bersatu'),
('6105022022', '610502', 'Kupan Jaya'),
('6105022023', '610502', 'Sungai Buluh'),
('6105022024', '610502', 'Jaya Mentari'),
('6105022025', '610502', 'Pekulai Bersatu'),
('6105022026', '610502', 'Mensiap Jaya'),
('6105032001', '610503', 'Nanga Sepauk'),
('6105032002', '610503', 'Tanjung Ria'),
('6105032003', '610503', 'Sekubang'),
('6105032004', '610503', 'Kenyauk'),
('6105032005', '610503', 'Lengkenat'),
('6105032006', '610503', 'Manis Raya'),
('6105032007', '610503', 'Temiang Kapuas'),
('6105032008', '610503', 'Ensabang'),
('6105032009', '610503', 'Mait Hilir'),
('6105032010', '610503', 'Sekujam Timbai'),
('6105032011', '610503', 'Semuntai'),
('6105032012', '610503', 'Sirang Setambang'),
('6105032013', '610503', 'Nanga Libau'),
('6105032014', '610503', 'Bernayau'),
('6105032015', '610503', 'Sinar Pekayau'),
('6105032016', '610503', 'Nanga Pari'),
('6105032017', '610503', 'Buluh Kuning'),
('6105032018', '610503', 'Temawang Muntai'),
('6105032019', '610503', 'Tawang Sari'),
('6105032020', '610503', 'Gernis Jaya'),
('6105032021', '610503', 'Paoh Benua'),
('6105032022', '610503', 'Bedayan'),
('6105032023', '610503', 'Tanjung Hulu'),
('6105032024', '610503', 'Sungai Raya'),
('6105032025', '610503', 'Landau Panjang'),
('6105032026', '610503', 'Bangun'),
('6105032027', '610503', 'Sukau Bersatu'),
('6105032028', '610503', 'Kemantan'),
('6105032029', '610503', 'Peninsung'),
('6105032030', '610503', 'Sepulut'),
('6105032031', '610503', 'Temawang Bulai'),
('6105032032', '610503', 'Sungai Segak'),
('6105032033', '610503', 'Tanjung Balai'),
('6105032034', '610503', 'Sinar Harapan'),
('6105032035', '610503', 'Riam Kempadik'),
('6105032036', '610503', 'Nanga Layung'),
('6105032037', '610503', 'Limau Bakti'),
('6105032038', '610503', 'Tanjung Mawang'),
('6105032040', '610503', 'Sungai Jaung'),
('6105042001', '610504', 'Nanga Ketungau'),
('6105042002', '610504', 'Setungkup'),
('6105042004', '610504', 'Sungai Mali'),
('6105042005', '610504', 'Air Nyuruk'),
('6105042006', '610504', 'Nanga Merkak'),
('6105042007', '610504', 'Sungai Deras'),
('6105042008', '610504', 'Nanga Sejirak'),
('6105042009', '610504', 'Semuntai'),
('6105042010', '610504', 'Senibung'),
('6105042011', '610504', 'Tanjung Baung'),
('6105042012', '610504', 'Baung Sengatap'),
('6105042013', '610504', 'Semajau Mekar'),
('6105042014', '610504', 'Beluh Mulyo'),
('6105042015', '610504', 'Batu Ampar'),
('6105042016', '610504', 'Bukit Sidin Permai'),
('6105042017', '610504', 'Betung Permai'),
('6105042018', '610504', 'Kenuak'),
('6105042019', '610504', 'Jentawang Hilir'),
('6105042020', '610504', 'Batu Nyadi'),
('6105042021', '610504', 'Ratu Damai'),
('6105042022', '610504', 'Lepung Pantak'),
('6105042023', '610504', 'Pampang Dua'),
('6105042024', '610504', 'Mungguk Kelapa'),
('6105042025', '610504', 'Maung'),
('6105052001', '610505', 'Wirayuda'),
('6105052002', '610505', 'Tanjung Sari'),
('6105052003', '610505', 'Panding Jaya'),
('6105052004', '610505', 'Tirta Karya'),
('6105052005', '610505', 'Begelang Jaya'),
('6105052006', '610505', 'Sumber Sari'),
('6105052007', '610505', 'Panggi Agung'),
('6105052008', '610505', 'Kerta Sari'),
('6105052009', '610505', 'Argo Mulyo'),
('6105052010', '610505', 'Wana Bhakti'),
('6105052011', '610505', 'Swadaya'),
('6105052012', '610505', 'Margahayu'),
('6105052013', '610505', 'Gut Jaya Bhakti'),
('6105052014', '610505', 'Landau Buaya'),
('6105052015', '610505', 'Kayu Dujung'),
('6105052016', '610505', 'Senangan Kecil'),
('6105052017', '610505', 'Sungai Areh'),
('6105052018', '610505', 'Mungguk Gelombang'),
('6105052019', '610505', 'Mungguk Lawang'),
('6105052020', '610505', 'Nanga Kelapan'),
('6105052021', '610505', 'Panggi Ruguk'),
('6105052022', '610505', 'Bakti Senabung'),
('6105052023', '610505', 'Engkitan'),
('6105052024', '610505', 'Landau Temiang'),
('6105052025', '610505', 'Padung Kumang'),
('6105052026', '610505', 'Radin Jaya'),
('6105052027', '610505', 'Senangan Jaya'),
('6105052028', '610505', 'Kubu Berangan'),
('6105052029', '610505', 'Semareh'),
('6105062001', '610506', 'Senaning'),
('6105062002', '610506', 'Empura'),
('6105062003', '610506', 'Sebadak'),
('6105062004', '610506', 'Sepiluk'),
('6105062005', '610506', 'Sungai Seria'),
('6105062006', '610506', 'Suak Medang'),
('6105062007', '610506', 'Nanga Bayan'),
('6105062008', '610506', 'Rasau'),
('6105062009', '610506', 'Jasa'),
('6105062010', '610506', 'Sungai Bugau'),
('6105062011', '610506', 'Nanga Bugau'),
('6105062012', '610506', 'Empunak Tapang Keladan'),
('6105062013', '610506', 'Sebetung Paluk'),
('6105062014', '610506', 'Muakan Petinggi'),
('6105062015', '610506', 'Nanga Sebawang'),
('6105062016', '610506', 'Sekaih'),
('6105062017', '610506', 'Bekuan Luyang'),
('6105062018', '610506', 'Sungai Pisau'),
('6105062019', '610506', 'Mungguk Entawak'),
('6105062020', '610506', 'Embaleh'),
('6105062021', '610506', 'Sebuluh'),
('6105062022', '610506', 'Riam Sejawak'),
('6105062023', '610506', 'Engkeruh'),
('6105062024', '610506', 'Sungai Kelik'),
('6105062025', '610506', 'Idai'),
('6105062026', '610506', 'Sungai Mawang'),
('6105062027', '610506', 'Ujung Kempas'),
('6105062028', '610506', 'Neraci Jaya'),
('6105062029', '610506', 'Sejawak'),
('6105072001', '610507', 'Nanga Jetak'),
('6105072002', '610507', 'Nanga Dedai'),
('6105072003', '610507', 'Gandis'),
('6105072004', '610507', 'Sungai Mali'),
('6105072005', '610507', 'Riguk'),
('6105072006', '610507', 'Pengkadan Baru'),
('6105072007', '610507', 'Taok'),
('6105072008', '610507', 'Empaci'),
('6105072009', '610507', 'Baras'),
('6105072010', '610507', 'Pangkadan Sungai Rupa'),
('6105072011', '610507', 'Kumpang'),
('6105072012', '610507', 'Mangat Baru'),
('6105072013', '610507', 'Manaong Baru'),
('6105072014', '610507', 'Emparu Baru'),
('6105072015', '610507', 'Lundang Baru'),
('6105072016', '610507', 'Penyak Lalang'),
('6105072017', '610507', 'Umin Jaya'),
('6105072018', '610507', 'Merempit Baru'),
('6105072019', '610507', 'Dedai Kanan'),
('6105072020', '610507', 'Sungai Tapang'),
('6105072021', '610507', 'Gandis Hulu'),
('6105072022', '610507', 'Hulu Dedai'),
('6105072023', '610507', 'Apin Baru'),
('6105072024', '610507', 'Jangkang'),
('6105072025', '610507', 'Belinyuk Sibau'),
('6105072026', '610507', 'Mengkirai Jaya'),
('6105072027', '610507', 'Terusan'),
('6105072028', '610507', 'Tanjung'),
('6105072029', '610507', 'Batu Landung'),
('6105072030', '610507', 'Samak'),
('6105072031', '610507', 'Manyam'),
('6105082001', '610508', 'Nanga Mau'),
('6105082002', '610508', 'Jambu'),
('6105082003', '610508', 'Tertung Mau'),
('6105082004', '610508', 'Mentunai'),
('6105082005', '610508', 'Tuguk'),
('6105082006', '610508', 'Natai Tebedak'),
('6105082007', '610508', 'Nyangkom'),
('6105082008', '610508', 'Melingkat'),
('6105082009', '610508', 'Nanga Tikan'),
('6105082010', '610508', 'Pelaik'),
('6105082011', '610508', 'Kerapa Sepan'),
('6105082012', '610508', 'Sungai Buaya'),
('6105082013', '610508', 'Pakak'),
('6105082014', '610508', 'Sungai Sintang'),
('6105082015', '610508', 'Sungai Garong'),
('6105082016', '610508', 'Paoh Desa'),
('6105082017', '610508', 'Jaya Sakti'),
('6105082018', '610508', 'Mekar Mandiri'),
('6105082019', '610508', 'Landau Beringin'),
('6105082020', '610508', 'Karya Baru'),
('6105082021', '610508', 'Bukit Segaloh'),
('6105082022', '610508', 'Engkerangan'),
('6105082023', '610508', 'Lalang Inggar'),
('6105082024', '610508', 'Linggam Permai'),
('6105082025', '610508', 'Sungai Menuang'),
('6105082026', '610508', 'Natai Lesung'),
('6105082027', '610508', 'Begendang Mal'),
('6105082028', '610508', 'Sungai Ranap'),
('6105082029', '610508', 'Lengkong Bindu'),
('6105082030', '610508', 'Nanga Lidau'),
('6105082031', '610508', 'Mengkirai'),
('6105082032', '610508', 'Tanjung Keliling'),
('6105082033', '610508', 'Buluk Jegara'),
('6105082034', '610508', 'Buluk Panjang'),
('6105082035', '610508', 'Tanjung Putar'),
('6105082036', '610508', 'Sungai Emang'),
('6105082037', '610508', 'Sungai Meraya'),
('6105082038', '610508', 'Kempas Raya'),
('6105082039', '610508', 'Ipoh Emang'),
('6105082040', '610508', 'Sungai Pengga'),
('6105082041', '610508', 'Batu Netak'),
('6105082042', '610508', 'Neran Baya'),
('6105082043', '610508', 'Monbai Begununk'),
('6105092001', '610509', 'Nanga Tebidah'),
('6105092002', '610509', 'Nanga Payak'),
('6105092003', '610509', 'Tanjung Bunga'),
('6105092004', '610509', 'Nanga Toran'),
('6105092005', '610509', 'Riam Panjang'),
('6105092006', '610509', 'Entogong'),
('6105092007', '610509', 'Nanga Tonggoi'),
('6105092008', '610509', 'Tanjung Lalau'),
('6105092009', '610509', 'Lintang Tambuk'),
('6105092010', '610509', 'Nanga Masau'),
('6105092011', '610509', 'Nanga Ungai'),
('6105092012', '610509', 'Nanga Abai'),
('6105092013', '610509', 'Nanga Laar'),
('6105092014', '610509', 'Riam Muntik'),
('6105092015', '610509', 'Nanga Oran'),
('6105092016', '610509', 'Tonak Goneh'),
('6105092017', '610509', 'Nangkak Lestari'),
('6105092018', '610509', 'Topan Nanga'),
('6105092019', '610509', 'Mapan Jaya'),
('6105092020', '610509', 'Tanjung Miru'),
('6105092021', '610509', 'Buluh Merindu'),
('6105092022', '610509', 'Empakan'),
('6105092023', '610509', 'Emponyang'),
('6105092024', '610509', 'Merahau Permai'),
('6105092025', '610509', 'Tanah Merah'),
('6105092026', '610509', 'Landau Bara'),
('6105092027', '610509', 'Kerapuk Jaya'),
('6105092028', '610509', 'Merah Arai'),
('6105092029', '610509', 'Tapang Manua'),
('6105092030', '610509', 'Nanga Tampang'),
('6105092031', '610509', 'Kebarau'),
('6105142001', '610514', 'Nanga Serawai'),
('6105142002', '610514', 'Nanga Mentatai'),
('6105142003', '610514', 'Bedaha'),
('6105142004', '610514', 'Begori'),
('6105142005', '610514', 'Pagar Lebata'),
('6105142006', '610514', 'Tontang'),
('6105142007', '610514', 'Karya Jaya'),
('6105142008', '610514', 'Nanga Riyoi'),
('6105142009', '610514', 'Buntut Ponte'),
('6105142010', '610514', 'Nanga Segulang'),
('6105142011', '610514', 'Baras Nabun'),
('6105142012', '610514', 'Nanga Jelundung'),
('6105142013', '610514', 'Tanjung Raya'),
('6105142014', '610514', 'Tahai Permai'),
('6105142015', '610514', 'Merako Jaya'),
('6105142016', '610514', 'Sawang Senghiang'),
('6105142017', '610514', 'Tunas Harapan'),
('6105142018', '610514', 'Teluk Harapan'),
('6105142019', '610514', 'Gurung Senghiang'),
('6105142020', '610514', 'Tanjung Harapan'),
('6105142021', '610514', 'Rantau Malam'),
('6105142022', '610514', 'Mentajoi'),
('6105142023', '610514', 'Nanga Bihe'),
('6105142024', '610514', 'Nanga Tekungai'),
('6105142025', '610514', 'Talian Sahabung'),
('6105142026', '610514', 'Batu Ketebung'),
('6105142027', '610514', 'Muara Kota'),
('6105142028', '610514', 'Mekar Sari'),
('6105142029', '610514', 'Tanjung Baru'),
('6105142030', '610514', 'Nusa Tujuh'),
('6105142031', '610514', 'Nanga Ruhan'),
('6105142032', '610514', 'Meroboi'),
('6105142033', '610514', 'Panekasan'),
('6105142034', '610514', 'Tamakung'),
('6105142035', '610514', 'Limbur Bernaung Lestari'),
('6105142036', '610514', 'Mensulung Bio'),
('6105142037', '610514', 'Sabhang Landan'),
('6105142038', '610514', 'Nanga Tangoi'),
('6105152001', '610515', 'Nanga Kemangai'),
('6105152002', '610515', 'Nanga Ambalau'),
('6105152003', '610515', 'Nanga Kesange'),
('6105152004', '610515', 'Nanga Menakon'),
('6105152005', '610515', 'Nanga Sake'),
('6105152006', '610515', 'Buntut Pimpin'),
('6105152007', '610515', 'Kepala Jungai'),
('6105152008', '610515', 'Tanjung Andan'),
('6105152009', '610515', 'Buntut Sabon'),
('6105152010', '610515', 'Nanga Keremoi'),
('6105152011', '610515', 'Nanga Menantak'),
('6105152012', '610515', 'Buntut Purun'),
('6105152013', '610515', 'Nanga Sakai'),
('6105152014', '610515', 'Nanga Mentomoi'),
('6105152015', '610515', 'Sungai Tambun'),
('6105152016', '610515', 'Riam Sabon'),
('6105152017', '610515', 'Nanga Ukai'),
('6105152018', '610515', 'Mensuang'),
('6105152019', '610515', 'Dahtah Bungai'),
('6105152020', '610515', 'Lunjan Tingang'),
('6105152021', '610515', 'Bukit Tinggi'),
('6105152022', '610515', 'Bukai Tukun'),
('6105152023', '610515', 'Nusa Koring'),
('6105152024', '610515', 'Purut Beribit'),
('6105152025', '610515', 'Pulou Sabhang'),
('6105152026', '610515', 'Patih Jepara'),
('6105152027', '610515', 'Korong Daso'),
('6105152028', '610515', 'Luting Mingan'),
('6105152029', '610515', 'Kolangan Juoi'),
('6105152030', '610515', 'Nanga Rade'),
('6105152031', '610515', 'Jengkarang'),
('6105152032', '610515', 'Deme'),
('6105152033', '610515', 'Nanga Pahangan'),
('6105192001', '610519', 'Nanga Lebang'),
('6105192002', '610519', 'Merpak'),
('6105192003', '610519', 'Kebong'),
('6105192004', '610519', 'Baning Panjang'),
('6105192005', '610519', 'Ensaid Panjang'),
('6105192006', '610519', 'Bengkuang'),
('6105192007', '610519', 'Pelimping'),
('6105192008', '610519', 'Sungai Pukat'),
('6105192009', '610519', 'Sungai Maram'),
('6105192010', '610519', 'Sepan Lebang'),
('6105192011', '610519', 'Gemba Raya'),
('6105192012', '610519', 'Karya Jaya Bhakti'),
('6105192013', '610519', 'Mandiri Jaya'),
('6105192014', '610519', 'Landau Kodam'),
('6105192015', '610519', 'Sungai Labi'),
('6105192016', '610519', 'Sungai Lais'),
('6105192017', '610519', 'Kelam Sejahtera'),
('6105202001', '610520', 'Ransi Dakan'),
('6105202002', '610520', 'Sungai Ukoi'),
('6105202003', '610520', 'Manter'),
('6105202004', '610520', 'Merarai Satu'),
('6105202005', '610520', 'Merarai Dua'),
('6105202006', '610520', 'Kajang Baru'),
('6105202007', '610520', 'Gurung Kempadik'),
('6105202008', '610520', 'Nobal'),
('6105202009', '610520', 'Baya Betung'),
('6105202010', '610520', 'Bonet Engkabang'),
('6105202011', '610520', 'Bonet Lama'),
('6105202012', '610520', 'Bancoh'),
('6105202013', '610520', 'Perembang'),
('6105202014', '610520', 'Solam Raya'),
('6105202015', '610520', 'Lebak Ubah'),
('6105202016', '610520', 'Melayang Sari'),
('6105202017', '610520', 'Sarai'),
('6105202018', '610520', 'Rarai'),
('6105202019', '610520', 'Penjernang'),
('6105202020', '610520', 'Penjernang Hulu'),
('6105202021', '610520', 'Riam Kijang'),
('6105202022', '610520', 'Baya Mulya'),
('6105202023', '610520', 'Laman Raya'),
('6105202024', '610520', 'Sabang Surai'),
('6105202025', '610520', 'Balai Agung'),
('6105202026', '610520', 'Kunyai'),
('6105212001', '610521', 'Ampar Bedang'),
('6105212002', '610521', 'Telaga Satu'),
('6105212003', '610521', 'Telaga Dua'),
('6105212004', '610521', 'Binjai Hilir'),
('6105212005', '610521', 'Binjai Hulu'),
('6105212006', '610521', 'Sungai Risap'),
('6105212007', '610521', 'Dak Jaya'),
('6105212008', '610521', 'Mensiku'),
('6105212009', '610521', 'Empaka Kabiau Raya'),
('6105212010', '610521', 'Sungai Risap Mensiku Bersatu'),
('6105212011', '610521', 'Simba Raya'),
('6106011001', '610601', 'Putussibau Kota'),
('6106011002', '610601', 'Hilir Kantor'),
('6106012004', '610601', 'Pala Pulau'),
('6106012005', '610601', 'Sibau Hilir'),
('6106012006', '610601', 'Padua Mendalam'),
('6106012007', '610601', 'Datah Dian'),
('6106012008', '610601', 'Sibau Hulu'),
('6106012009', '610601', 'Nanga Nyabau'),
('6106012010', '610601', 'Nanga Awin'),
('6106012011', '610601', 'Ariung Mendalam'),
('6106012012', '610601', 'Nanga Sambus'),
('6106012013', '610601', 'Banua Tanga'),
('6106012014', '610601', 'Tanjung Beruang'),
('6106012015', '610601', 'Tanjung Karang'),
('6106012016', '610601', 'Seluan'),
('6106012017', '610601', 'Sungai Uluk Palin'),
('6106012018', '610601', 'Tanjung Lasa'),
('6106012019', '610601', 'Lauk'),
('6106012020', '610601', 'Jangkang'),
('6106022001', '610602', 'Teluk Sindur'),
('6106022002', '610602', 'Bika'),
('6106022003', '610602', 'Jelemuk'),
('6106022008', '610602', 'Bika Hulu'),
('6106022009', '610602', 'Nanga Manday'),
('6106022010', '610602', 'Melapi Manday'),
('6106022011', '610602', 'Penyeluang'),
('6106022012', '610602', 'Jongkong Manday'),
('6106032001', '610603', 'Nanga Embaloh'),
('6106032002', '610603', 'Keliling Semulung'),
('6106032006', '610603', 'Lawik'),
('6106032007', '610603', 'Nanga Lauk'),
('6106032008', '610603', 'Nanga Palin'),
('6106032009', '610603', 'Kirin Nangka'),
('6106032010', '610603', 'Pala Pintas'),
('6106032011', '610603', 'Ujung Bayur'),
('6106032012', '610603', 'Belatung'),
('6106042001', '610604', 'Banua Martinus'),
('6106042002', '610604', 'Menua Sadap'),
('6106042003', '610604', 'Pulau Manak'),
('6106042004', '610604', 'Banua Ujung'),
('6106042005', '610604', 'Saujung Giling Manik'),
('6106042006', '610604', 'Ulak Pauk'),
('6106042007', '610604', 'Langan Baru'),
('6106042008', '610604', 'Batu Lintang'),
('6106042009', '610604', 'Rantau Prapat'),
('6106042010', '610604', 'Tamao'),
('6106052001', '610605', 'Bunut Hilir'),
('6106052002', '610605', 'Bunut Hulu'),
('6106052003', '610605', 'Teluk Aur'),
('6106052004', '610605', 'Nanga Tuan'),
('6106052006', '610605', 'Ujung Pandang'),
('6106052007', '610605', 'Empangau'),
('6106052008', '610605', 'Tembang'),
('6106052009', '610605', 'Bunut Tengah'),
('6106052010', '610605', 'Entibab'),
('6106052011', '610605', 'Kapuas Raya'),
('6106052012', '610605', 'Empangau Hilir'),
('6106062001', '610606', 'Nanga Suruk'),
('6106062002', '610606', 'Temuyuk'),
('6106062003', '610606', 'Nanga Semangut'),
('6106062004', '610606', 'Nanga Dua'),
('6106062005', '610606', 'Selaup'),
('6106062006', '610606', 'Riam Piyang'),
('6106062007', '610606', 'Nanga Payang'),
('6106062008', '610606', 'Batu Tiga'),
('6106062009', '610606', 'Semangut Utara'),
('6106062010', '610606', 'Segitak'),
('6106062011', '610606', 'Nanga Kelibang'),
('6106062012', '610606', 'Sungai Besar'),
('6106062013', '610606', 'Bakong Permai'),
('6106062014', '610606', 'Beringin'),
('6106062015', '610606', 'Pantas Bersatu'),
('6106072001', '610607', 'Jongkong Kiri Hilir'),
('6106072002', '610607', 'Jongkong Kanan'),
('6106072003', '610607', 'Jongkong Kiri Hulu'),
('6106072004', '610607', 'Jongkong Pasar'),
('6106072005', '610607', 'Ujung Said'),
('6106072006', '610607', 'Temenang'),
('6106072007', '610607', 'Ujung Jambu'),
('6106072008', '610607', 'Bontai'),
('6106072009', '610607', 'Jongkong Kiri Tengah'),
('6106072010', '610607', 'Jongkong Tanjung'),
('6106072011', '610607', 'Kandung Suli'),
('6106072012', '610607', 'Penepian Raya'),
('6106072013', '610607', 'Karya baru'),
('6106072014', '610607', 'Nanga Serian'),
('6106082001', '610608', 'Nanga Tepuai'),
('6106082002', '610608', 'Landau Kumpang'),
('6106082003', '610608', 'Nanga Yen'),
('6106082004', '610608', 'Lubuk Antuk'),
('6106082005', '610608', 'Parang'),
('6106082006', '610608', 'Kelakar'),
('6106082007', '610608', 'Bugang'),
('6106082008', '610608', 'Mentawit'),
('6106082009', '610608', 'Tani Makmur'),
('6106082010', '610608', 'Simpang Senara'),
('6106082011', '610608', 'Beringin'),
('6106082012', '610608', 'Sejahtera Mandiri'),
('6106082013', '610608', 'Mubung'),
('6106082014', '610608', 'Tunas Muda'),
('6106082015', '610608', 'Karya Mandiri'),
('6106092001', '610609', 'Gudang Hulu'),
('6106092002', '610609', 'Gudang Hilir'),
('6106092003', '610609', 'Dalam'),
('6106092004', '610609', 'Nibung'),
('6106092005', '610609', 'Piasak Hilir'),
('6106092006', '610609', 'Engkerengas'),
('6106092007', '610609', 'Gerayau'),
('6106092008', '610609', 'Benuis'),
('6106092012', '610609', 'Titian Kuala'),
('6106092013', '610609', 'Sekubah'),
('6106092014', '610609', 'Piasak Hulu'),
('6106092015', '610609', 'Sekulat'),
('6106092016', '610609', 'Nanga Leboyan'),
('6106092017', '610609', 'Vega'),
('6106092018', '610609', 'Mawan'),
('6106092019', '610609', 'Semalah'),
('6106092020', '610609', 'Tempurau'),
('6106102001', '610610', 'Semitau Hulu'),
('6106102002', '610610', 'Kenerak'),
('6106102003', '610610', 'Nanga Seberuang'),
('6106102004', '610610', 'Entipan'),
('6106102005', '610610', 'Kenepai Komplek'),
('6106102006', '610610', 'Semitau Hilir'),
('6106102007', '610610', 'Nanga Kenepai'),
('6106102008', '610610', 'Tua\' Abang'),
('6106102009', '610610', 'Nanga Lemedak'),
('6106102010', '610610', 'Marsedan Raya'),
('6106102011', '610610', 'Padung Kumang'),
('6106102012', '610610', 'Sekedau'),
('6106112001', '610611', 'Sejiram'),
('6106112002', '610611', 'Beluis Harum'),
('6106112003', '610611', 'Gurung'),
('6106112004', '610611', 'Bati'),
('6106112005', '610611', 'Seneban'),
('6106112006', '610611', 'Belikai'),
('6106112007', '610611', 'Ranyai'),
('6106112008', '610611', 'Emperiang'),
('6106112009', '610611', 'Pala Kota'),
('6106112010', '610611', 'Nanga Lot'),
('6106112011', '610611', 'Tanjung Keliling'),
('6106112012', '610611', 'Tajau Mada'),
('6106112013', '610611', 'Jerenjang'),
('6106112014', '610611', 'Bekuan'),
('6106112015', '610611', 'Nanga Pala'),
('6106122001', '610612', 'Setulang'),
('6106122002', '610612', 'Sepandan'),
('6106122003', '610612', 'Sungai Ajung'),
('6106122004', '610612', 'Sungai Abau'),
('6106122005', '610612', 'Labian'),
('6106122006', '610612', 'Mensiau'),
('6106122007', '610612', 'Melemba'),
('6106122008', '610612', 'Lanjak Deras'),
('6106122009', '610612', 'Sungai Senunuk'),
('6106122010', '610612', 'Labian Ira\'ang'),
('6106132001', '610613', 'Keling Panggau'),
('6106132002', '610613', 'Nanga Kantuk'),
('6106132003', '610613', 'Tintin Peninjau'),
('6106132004', '610613', 'Bajau Andai'),
('6106132005', '610613', 'Kumang Jaya'),
('6106132006', '610613', 'Laja Sandang'),
('6106142001', '610614', 'Badau'),
('6106142002', '610614', 'Janting'),
('6106142003', '610614', 'Semuntik'),
('6106142004', '610614', 'Kekurak'),
('6106142005', '610614', 'Pulau Majang'),
('6106142006', '610614', 'Seriang'),
('6106142007', '610614', 'Sebindang'),
('6106142008', '610614', 'Tinting Seligi'),
('6106142009', '610614', 'Tajum'),
('6106152001', '610615', 'Perigi'),
('6106152002', '610615', 'Baru'),
('6106152003', '610615', 'Pangeran'),
('6106152004', '610615', 'Miau Merah'),
('6106152005', '610615', 'Setunggul'),
('6106152006', '610615', 'Sungai Sena'),
('6106152007', '610615', 'Penai'),
('6106152008', '610615', 'Nanga Nuar'),
('6106152009', '610615', 'Bongkong'),
('6106152010', '610615', 'Seberu'),
('6106152011', '610615', 'Sentabai'),
('6106152012', '610615', 'Rumbih'),
('6106152013', '610615', 'Bukit Penai'),
('6106162001', '610616', 'Nanga Dangkan'),
('6106162002', '610616', 'Belimbing'),
('6106162003', '610616', 'Nanga Ngeri'),
('6106162004', '610616', 'Landau Badai'),
('6106162005', '610616', 'Nanga Lungu'),
('6106162006', '610616', 'Nanga Luan'),
('6106162007', '610616', 'Riam Tapang'),
('6106162008', '610616', 'Lebak Najah'),
('6106162009', '610616', 'Dangkan Kota'),
('6106162010', '610616', 'Perjuk'),
('6106162011', '610616', 'Landau Rantau'),
('6106162012', '610616', 'Entebi'),
('6106162013', '610616', 'Selangkai'),
('6106162014', '610616', 'Selimu'),
('6106171001', '610617', 'Kedamin Hulu');
INSERT INTO `reg_villages` (`id`, `district_id`, `name`) VALUES
('6106171002', '610617', 'Kedamin Hilir'),
('6106172003', '610617', 'Sungai Uluk'),
('6106172004', '610617', 'Jaras'),
('6106172005', '610617', 'Melapi'),
('6106172014', '610617', 'Kedamin Darat'),
('6106172015', '610617', 'Tanjung Jati'),
('6106172016', '610617', 'Sayut'),
('6106172017', '610617', 'Urang Unsa'),
('6106172018', '610617', 'Suka Maju'),
('6106172019', '610617', 'Cempaka Baru'),
('6106172020', '610617', 'Beringin Jaya'),
('6106172021', '610617', 'Bungan Jaya'),
('6106172022', '610617', 'Tanjunglokang'),
('6106172023', '610617', 'Kereho'),
('6106172024', '610617', 'Ingko\' Tambe'),
('6106182001', '610618', 'Nanga Sebintang'),
('6106182002', '610618', 'Nanga Lebangan'),
('6106182003', '610618', 'Nanga Kalis'),
('6106182004', '610618', 'Nanga Raun'),
('6106182005', '610618', 'Bahenap'),
('6106182006', '610618', 'Nanga Tubuk'),
('6106182007', '610618', 'Nanga Danau'),
('6106182008', '610618', 'Kensuray'),
('6106182009', '610618', 'Rantau Kalis'),
('6106182010', '610618', 'Kalis Raya'),
('6106182011', '610618', 'Tekudak'),
('6106182012', '610618', 'Semerantau'),
('6106182013', '610618', 'Tapang Da\'an'),
('6106182014', '610618', 'Segiam'),
('6106182016', '610618', 'Ribang Kadeng'),
('6106182017', '610618', 'Rantau Bumbun'),
('6106182018', '610618', 'Peniung'),
('6106192001', '610619', 'Nanga Danau'),
('6106192002', '610619', 'Boyan Tanjung'),
('6106192003', '610619', 'Riam Mengelai'),
('6106192004', '610619', 'Nanga Sangan'),
('6106192005', '610619', 'Sri Wangi'),
('6106192006', '610619', 'Nanga Boyan'),
('6106192007', '610619', 'Nanga Betung'),
('6106192008', '610619', 'Mujan'),
('6106192009', '610619', 'Nanga Jemah'),
('6106192010', '610619', 'Tubang Jaya'),
('6106192011', '610619', 'Karya Maju'),
('6106192012', '610619', 'Landau Mentail'),
('6106192013', '610619', 'Delintas Karya'),
('6106192014', '610619', 'Teluk Geruguk'),
('6106192015', '610619', 'Nanga Ret'),
('6106192016', '610619', 'Pemawan'),
('6106202001', '610620', 'Nanga Mentebah'),
('6106202002', '610620', 'Tekalong'),
('6106202003', '610620', 'Suka Maju'),
('6106202004', '610620', 'Kepala Gurung'),
('6106202005', '610620', 'Tanjung'),
('6106202006', '610620', 'Tanjung Intan'),
('6106202007', '610620', 'Tangai Jaya'),
('6106202008', '610620', 'Menaren'),
('6106212001', '610621', 'Kerangan Panjang'),
('6106212002', '610621', 'Mawan'),
('6106212003', '610621', 'Marta Dana'),
('6106212004', '610621', 'Buak Limbang'),
('6106212005', '610621', 'Riam Panjang'),
('6106212006', '610621', 'Permata'),
('6106212007', '610621', 'Hulu Pengkadan'),
('6106212008', '610621', 'Pinang Laka'),
('6106212009', '610621', 'Sasan'),
('6106212010', '610621', 'Pengkadan Hilir'),
('6106212011', '610621', 'Sira Jaya'),
('6106222001', '610622', 'Mensusai'),
('6106222003', '610622', 'Kerengas'),
('6106222004', '610622', 'Mantan'),
('6106222005', '610622', 'Nanga Suhaid'),
('6106222006', '610622', 'Tanjung'),
('6106222007', '610622', 'Madang Permai'),
('6106222008', '610622', 'Laut Tawang'),
('6106222009', '610622', 'Jongkong Hulu'),
('6106222010', '610622', 'Menapar'),
('6106222011', '610622', 'Lubuk Pengail'),
('6106222012', '610622', 'Tanjung Harapan'),
('6106232001', '610623', 'Sungai Antu'),
('6106232002', '610623', 'Merakai Panjang'),
('6106232003', '610623', 'Kantuk Asam'),
('6106232004', '610623', 'Kantuk Bunut'),
('6106232005', '610623', 'Sungai Mawang'),
('6106232006', '610623', 'Langau'),
('6107012001', '610701', 'Sungai Duri'),
('6107012004', '610701', 'Sungai Jaga A'),
('6107012005', '610701', 'Sungai Jaga B'),
('6107012006', '610701', 'Sungai Pangkalan I'),
('6107012007', '610701', 'Sungai Pangkalan II'),
('6107022001', '610702', 'Samalantan'),
('6107022002', '610702', 'Saba\'u'),
('6107022003', '610702', 'Tumiang'),
('6107022004', '610702', 'Babane'),
('6107022005', '610702', 'Pasti Jaya'),
('6107022006', '610702', 'Bukit Serayan'),
('6107022007', '610702', 'Marunsu'),
('6107032001', '610703', 'Lesabela'),
('6107032002', '610703', 'Semangat'),
('6107032003', '610703', 'Serangkat'),
('6107032004', '610703', 'Rodaya'),
('6107032005', '610703', 'Dayung'),
('6107032007', '610703', 'Jesape'),
('6107032011', '610703', 'Lomba Karya'),
('6107032012', '610703', 'Sidai'),
('6107032013', '610703', 'Seles'),
('6107032018', '610703', 'Tebuah Marong'),
('6107032019', '610703', 'Suka Damai'),
('6107032021', '610703', 'Suka Jaya'),
('6107041001', '610704', 'Bumi Emas'),
('6107041010', '610704', 'Sebalo'),
('6107042003', '610704', 'Tirta Kencana'),
('6107042004', '610704', 'Bhakti Mulya'),
('6107042006', '610704', 'Bani Amas'),
('6107042009', '610704', 'Setia Budi'),
('6107052001', '610705', 'Seluas'),
('6107052002', '610705', 'Bengkawan'),
('6107052003', '610705', 'Sahan'),
('6107052004', '610705', 'Mayak'),
('6107052005', '610705', 'Kalon'),
('6107052006', '610705', 'Sentangau Jaya'),
('6107062001', '610706', 'Lembang'),
('6107062002', '610706', 'Gua'),
('6107062003', '610706', 'Bange'),
('6107062004', '610706', 'Danti'),
('6107062005', '610706', 'Sango'),
('6107072001', '610707', 'Jagoi'),
('6107072002', '610707', 'Kumba'),
('6107072006', '610707', 'Sekida'),
('6107072007', '610707', 'Gersik'),
('6107072008', '610707', 'Semunying Jaya'),
('6107072009', '610707', 'Sinar Baru'),
('6107082002', '610708', 'Gerantung'),
('6107082003', '610708', 'Monterado'),
('6107082004', '610708', 'Goa Boma'),
('6107082006', '610708', 'Nek Ginap'),
('6107082007', '610708', 'Beringin Baru'),
('6107082008', '610708', 'Sendoreng'),
('6107082009', '610708', 'Rantau'),
('6107082010', '610708', 'Mekar Baru'),
('6107082011', '610708', 'Jahandung'),
('6107082012', '610708', 'Serindu'),
('6107082013', '610708', 'Siaga'),
('6107092001', '610709', 'Dharma Bhakti'),
('6107092002', '610709', 'Sumber Karya'),
('6107092003', '610709', 'Setia Jaya'),
('6107092004', '610709', 'Bangun Sari'),
('6107092005', '610709', 'Sebetung Menyala'),
('6107092006', '610709', 'Malo Jelayan'),
('6107092007', '610709', 'Ampar Benteng'),
('6107092008', '610709', 'Tanjung'),
('6107092009', '610709', 'Telidik'),
('6107092010', '610709', 'Puteng'),
('6107092011', '610709', 'Sekaruh'),
('6107092012', '610709', 'Tubajur'),
('6107092013', '610709', 'Lulang'),
('6107092014', '610709', 'Benteng'),
('6107092015', '610709', 'Sebente'),
('6107092016', '610709', 'Teriak'),
('6107092017', '610709', 'Temia Sio'),
('6107092018', '610709', 'Bana'),
('6107102001', '610710', 'Nangka'),
('6107102002', '610710', 'Muhi Bersatu'),
('6107102003', '610710', 'Suka Maju'),
('6107102004', '610710', 'Cempaka Putih'),
('6107102005', '610710', 'Kiung'),
('6107102006', '610710', 'Kelayuk'),
('6107102007', '610710', 'Suti Semarang'),
('6107102008', '610710', 'Tapen'),
('6107112001', '610711', 'Capkala'),
('6107112002', '610711', 'Mandor'),
('6107112003', '610711', 'Setanduk'),
('6107112004', '610711', 'Aris'),
('6107112005', '610711', 'Sebandut'),
('6107112006', '610711', 'Pawangi'),
('6107122002', '610712', 'Sungkung I'),
('6107122004', '610712', 'Siding'),
('6107122005', '610712', 'Hli Buei'),
('6107122006', '610712', 'Tangguh'),
('6107122007', '610712', 'Sungkung II'),
('6107122008', '610712', 'Sungkung III'),
('6107122009', '610712', 'Tamong'),
('6107122010', '610712', 'Tawang'),
('6107132001', '610713', 'Magmagan Karya'),
('6107132002', '610713', 'Tiga Berkat'),
('6107132003', '610713', 'Seren Selimbau'),
('6107132004', '610713', 'Belimbing'),
('6107132005', '610713', 'Lamolda'),
('6107142001', '610714', 'Cipta Karya'),
('6107142002', '610714', 'Suka Bangun'),
('6107142003', '610714', 'Karya Bhakti'),
('6107142004', '610714', 'Suka Maju'),
('6107152001', '610715', 'Rukma Jaya'),
('6107152002', '610715', 'Sungai Keran'),
('6107152003', '610715', 'Sungai Raya'),
('6107152004', '610715', 'Karimunting'),
('6107152005', '610715', 'Pulau Lemukutan'),
('6107162001', '610716', 'Saka Taru'),
('6107162002', '610716', 'Lembah Bawang'),
('6107162003', '610716', 'Janyat'),
('6107162004', '610716', 'Tempapan'),
('6107162005', '610716', 'Papan Uduk'),
('6107162006', '610716', 'Papan Tembawang'),
('6107162007', '610716', 'Godang Damar'),
('6107162008', '610716', 'Kinande'),
('6107172001', '610717', 'Sinar Tebudak'),
('6107172002', '610717', 'Kamuh'),
('6107172003', '610717', 'Bengkilu'),
('6107172004', '610717', 'Pisak'),
('6108012001', '610801', 'Hilir Kantor'),
('6108012002', '610801', 'Hilir Tengah'),
('6108012003', '610801', 'Raja'),
('6108012004', '610801', 'Mungguk'),
('6108012005', '610801', 'Amboyo Utara'),
('6108012006', '610801', 'Sungai Keli'),
('6108012007', '610801', 'Rasan'),
('6108012008', '610801', 'Mu\'un'),
('6108012009', '610801', 'Ambarang'),
('6108012010', '610801', 'Engkadu'),
('6108012011', '610801', 'Amang'),
('6108012012', '610801', 'Penyaho Dangku'),
('6108012013', '610801', 'Antan Rayan'),
('6108012014', '610801', 'Amboyo Inti'),
('6108012015', '610801', 'Tebedak'),
('6108012016', '610801', 'Temiang Sawi'),
('6108012017', '610801', 'Amboyo Selatan'),
('6108012018', '610801', 'Sebirang'),
('6108012019', '610801', 'Pak Mayam'),
('6108022001', '610802', 'Karangan'),
('6108022002', '610802', 'Sailo'),
('6108022003', '610802', 'Mentonyek'),
('6108022004', '610802', 'Sampuro'),
('6108022005', '610802', 'Sala\'as'),
('6108022006', '610802', 'Sabaka'),
('6108022007', '610802', 'Tunang'),
('6108022009', '610802', 'Sungai Laki'),
('6108022014', '610802', 'Tiang Tanjung'),
('6108022017', '610802', 'Pahokng'),
('6108022018', '610802', 'Garu'),
('6108022019', '610802', 'Bilayuk'),
('6108022020', '610802', 'Caokng'),
('6108022021', '610802', 'Salumang'),
('6108022022', '610802', 'Ansolok'),
('6108022023', '610802', 'Babatn'),
('6108022024', '610802', 'Parigi'),
('6108032001', '610803', 'Sepahat'),
('6108032002', '610803', 'Lamoanak'),
('6108032003', '610803', 'Bengkawe'),
('6108032004', '610803', 'Tempoak'),
('6108032005', '610803', 'Re\'es'),
('6108032006', '610803', 'Raba'),
('6108032007', '610803', 'Nangka'),
('6108032008', '610803', 'Menjalin'),
('6108042001', '610804', 'Sebadu'),
('6108042002', '610804', 'Semenok'),
('6108042003', '610804', 'Mengkunyit'),
('6108042004', '610804', 'Bebatung'),
('6108042005', '610804', 'Kerohok'),
('6108042006', '610804', 'Sumsum'),
('6108042007', '610804', 'Sekilap'),
('6108042008', '610804', 'Manggang'),
('6108042009', '610804', 'Keramas'),
('6108042010', '610804', 'Pongok'),
('6108042011', '610804', 'Kayu Ara'),
('6108042012', '610804', 'Selutung'),
('6108042013', '610804', 'Mandor'),
('6108042014', '610804', 'Simpang Kasturi'),
('6108042015', '610804', 'Salatiga'),
('6108042016', '610804', 'Kayu Tanam'),
('6108042017', '610804', 'Ngarak'),
('6108052001', '610805', 'Serimbu'),
('6108052002', '610805', 'Engkangin'),
('6108052003', '610805', 'Jambu Tembawang'),
('6108052004', '610805', 'Sepangah'),
('6108052005', '610805', 'Merayuh'),
('6108052006', '610805', 'Nyari'),
('6108052007', '610805', 'Sekendal'),
('6108052008', '610805', 'Semuntik'),
('6108052009', '610805', 'Temoyok'),
('6108052010', '610805', 'Engkadik Pade'),
('6108052011', '610805', 'Dange Aji'),
('6108052012', '610805', 'Tenguwe'),
('6108052013', '610805', 'Parek'),
('6108052014', '610805', 'Bentiang Madomang'),
('6108052015', '610805', 'Tengon'),
('6108052016', '610805', 'Sempatung Lawek'),
('6108062001', '610806', 'Darit'),
('6108062002', '610806', 'Mamek'),
('6108062003', '610806', 'Ansang'),
('6108062004', '610806', 'Kayu Ara'),
('6108062005', '610806', 'Angkaras'),
('6108062006', '610806', 'Ladangan'),
('6108062009', '610806', 'Songga'),
('6108062010', '610806', 'Sidan'),
('6108062011', '610806', 'Berinang Mayun'),
('6108062013', '610806', 'Lintah Betung'),
('6108062014', '610806', 'Anik Dingir'),
('6108062015', '610806', 'Bagak'),
('6108062016', '610806', 'Tolok'),
('6108062017', '610806', 'Sungai Lubang'),
('6108062018', '610806', 'Ta\'as'),
('6108062019', '610806', 'Ongkol Padang'),
('6108072001', '610807', 'Pahauman'),
('6108072002', '610807', 'Paloan'),
('6108072003', '610807', 'Sebatih'),
('6108072004', '610807', 'Saham'),
('6108072005', '610807', 'Andeng'),
('6108072006', '610807', 'Senakin'),
('6108072007', '610807', 'Tonang'),
('6108072008', '610807', 'Banying'),
('6108072009', '610807', 'Sidas'),
('6108072010', '610807', 'Keranji Mancal'),
('6108072011', '610807', 'Keranji Paidang'),
('6108072012', '610807', 'Aur Sampuk'),
('6108072013', '610807', 'Gombang'),
('6108072014', '610807', 'Rabak'),
('6108082001', '610808', 'Meranti'),
('6108082002', '610808', 'Kelampai Setolo'),
('6108082003', '610808', 'Moro Betung'),
('6108082004', '610808', 'Selange'),
('6108082005', '610808', 'Ampadi'),
('6108082006', '610808', 'Tahu'),
('6108092001', '610809', 'Semedang'),
('6108092002', '610809', 'Kuala Behe'),
('6108092003', '610809', 'Nyayum'),
('6108092004', '610809', 'Paku Raya'),
('6108092005', '610809', 'Permiit'),
('6108092006', '610809', 'Tanjung Balai'),
('6108092007', '610809', 'Angkanyar'),
('6108092008', '610809', 'Kedama'),
('6108092009', '610809', 'Bengawan Ampar'),
('6108092010', '610809', 'Sehe Lusur'),
('6108092011', '610809', 'Sejowet'),
('6108102001', '610810', 'Sebangki'),
('6108102002', '610810', 'Kumpang Tengah'),
('6108102003', '610810', 'Agak'),
('6108102004', '610810', 'Rantau Panjang'),
('6108102005', '610810', 'Sungai Segak'),
('6108112001', '610811', 'Temahar'),
('6108112002', '610811', 'Kersik Belantian'),
('6108112003', '610811', 'Nyi\'in'),
('6108112004', '610811', 'Papung'),
('6108112005', '610811', 'Sekais'),
('6108112006', '610811', 'Mandor Kiru'),
('6108112007', '610811', 'Jelimpo'),
('6108112008', '610811', 'Tubang Raeng'),
('6108112009', '610811', 'Kayu Ara'),
('6108112010', '610811', 'Pawis Hilir'),
('6108112011', '610811', 'Angan Tembawang'),
('6108112012', '610811', 'Balai Peluntan'),
('6108112013', '610811', 'Dara Itam I'),
('6108122001', '610812', 'Padang Pio'),
('6108122002', '610812', 'Tembawang Bale'),
('6108122003', '610812', 'Kampet'),
('6108122004', '610812', 'Untang'),
('6108122005', '610812', 'Ringo Lojok'),
('6108122006', '610812', 'Gamang'),
('6108122007', '610812', 'Semade'),
('6108132001', '610813', 'Sompak'),
('6108132002', '610813', 'Pauh'),
('6108132003', '610813', 'Lingkonong'),
('6108132004', '610813', 'Galar'),
('6108132005', '610813', 'Amawakng'),
('6108132006', '610813', 'Tapakng'),
('6108132007', '610813', 'Pakumbang'),
('6109012001', '610901', 'Sungai Ringin'),
('6109012002', '610901', 'Mungguk'),
('6109012003', '610901', 'Tanjung'),
('6109012004', '610901', 'Merapi'),
('6109012005', '610901', 'Seraras'),
('6109012006', '610901', 'Semabi'),
('6109012007', '610901', 'Seberang Kapuas'),
('6109012008', '610901', 'Landau Kodah'),
('6109012009', '610901', 'Timpuk'),
('6109012010', '610901', 'Sungai Kunyit'),
('6109012011', '610901', 'Peniti'),
('6109012012', '610901', 'Gonis Tekam'),
('6109012013', '610901', 'Tapang Semadak'),
('6109012014', '610901', 'Engkersik'),
('6109012015', '610901', 'Ensalang'),
('6109012016', '610901', 'Bokak Sebumbun'),
('6109012017', '610901', 'Selalong'),
('6109022001', '610902', 'Rawak Hilir'),
('6109022002', '610902', 'Rawak Hulu'),
('6109022003', '610902', 'Nanga Menterap'),
('6109022004', '610902', 'Boti'),
('6109022005', '610902', 'Perongkan'),
('6109022006', '610902', 'Tinting Boyok'),
('6109022007', '610902', 'Sekonau'),
('6109022008', '610902', 'Setawar'),
('6109022009', '610902', 'Nanga Pembubuh'),
('6109022010', '610902', 'Tapang Perodah'),
('6109022011', '610902', 'Sungai Sambang'),
('6109022012', '610902', 'Mondi'),
('6109022013', '610902', 'Cupang Gading'),
('6109022014', '610902', 'Nanga Biaban'),
('6109022015', '610902', 'Sunsong'),
('6109032001', '610903', 'Nanga Taman'),
('6109032002', '610903', 'Rirang Jati'),
('6109032003', '610903', 'Senangak'),
('6109032004', '610903', 'Nanga Kiungkang'),
('6109032005', '610903', 'Sungai Lawak'),
('6109032006', '610903', 'Tapang Tingang'),
('6109032007', '610903', 'Nanga Mongko'),
('6109032008', '610903', 'Nanga Engkulun'),
('6109032009', '610903', 'Nanga Koman'),
('6109032010', '610903', 'Lubuk Tajau'),
('6109032011', '610903', 'Pantok'),
('6109032012', '610903', 'Meragun'),
('6109032013', '610903', 'Nanga Mentukak'),
('6109042001', '610904', 'Nanga Mahap'),
('6109042002', '610904', 'Batu Pahat'),
('6109042003', '610904', 'Lembah Beringin'),
('6109042004', '610904', 'Teluk Kebau'),
('6109042005', '610904', 'Landau Apin'),
('6109042006', '610904', 'Tembaga'),
('6109042007', '610904', 'Cenayan'),
('6109042008', '610904', 'Landau Kumpai'),
('6109042009', '610904', 'Nanga Suri'),
('6109042010', '610904', 'Sebabas'),
('6109042011', '610904', 'Karang Betung'),
('6109042012', '610904', 'Tamang'),
('6109042013', '610904', 'Tembesuk'),
('6109052001', '610905', 'Sungai Ayak Satu'),
('6109052002', '610905', 'Sungai Ayak Dua'),
('6109052003', '610905', 'Entabuk'),
('6109052004', '610905', 'Tapang Pulau'),
('6109052005', '610905', 'Kumpang Bis'),
('6109052006', '610905', 'Menawai Tekam'),
('6109052007', '610905', 'Semadu'),
('6109052008', '610905', 'Merbang'),
('6109052009', '610905', 'Empajak'),
('6109062001', '610906', 'Sebetung'),
('6109062002', '610906', 'Seburuk Satu'),
('6109062003', '610906', 'Sungai Tapah'),
('6109062004', '610906', 'Ijuk'),
('6109062005', '610906', 'Mengaret'),
('6109062006', '610906', 'Kumpang Ilong'),
('6109062007', '610906', 'Sungai Antu Hulu'),
('6109062008', '610906', 'Terduk Dampak'),
('6109062009', '610906', 'Pakit Mulau'),
('6109062010', '610906', 'Tabuk Hulu'),
('6109062011', '610906', 'Batuk Mulau'),
('6109062012', '610906', 'Balai Sepuak'),
('6109062013', '610906', 'Bukit Rambat'),
('6109072001', '610907', 'Nanga Ansar'),
('6109072002', '610907', 'Padak'),
('6109072003', '610907', 'Setuntung'),
('6109072004', '610907', 'Belitang Satu'),
('6109072005', '610907', 'Belitang Dua'),
('6109072006', '610907', 'Menua Prama'),
('6109072007', '610907', 'Maboh Permai'),
('6110012001', '611001', 'Pemuar'),
('6110012002', '611001', 'Nusa Kenyikap'),
('6110012003', '611001', 'Batu Ampar'),
('6110012007', '611001', 'Balai Lagas'),
('6110012008', '611001', 'Upit'),
('6110012009', '611001', 'Langan'),
('6110012010', '611001', 'Batu Buil'),
('6110012011', '611001', 'Guhung'),
('6110012013', '611001', 'Batu Nanta'),
('6110012014', '611001', 'Belonsat'),
('6110012016', '611001', 'Laman Bukit'),
('6110012017', '611001', 'Tekaban'),
('6110012019', '611001', 'Labang'),
('6110012020', '611001', 'Nanga Pau'),
('6110012021', '611001', 'Nanga Entebah'),
('6110012023', '611001', 'Nanga Menunuk'),
('6110012024', '611001', 'Sepan Tonak'),
('6110022001', '611002', 'Tanjung Niaga'),
('6110022002', '611002', 'Paal'),
('6110022003', '611002', 'Sidomulyo'),
('6110022004', '611002', 'Tembawang Panjang'),
('6110022005', '611002', 'Poring'),
('6110022007', '611002', 'Nanga Kebebu'),
('6110022008', '611002', 'Nanga Kayan'),
('6110022013', '611002', 'Baru'),
('6110022021', '611002', 'Tanjung Sari'),
('6110022023', '611002', 'Tanjung Lay'),
('6110022024', '611002', 'Labai Mandiri'),
('6110022026', '611002', 'Nusa Pandau'),
('6110022032', '611002', 'Kelakik'),
('6110022033', '611002', 'Semadin Lengkong'),
('6110022038', '611002', 'Tebing Karangan'),
('6110022040', '611002', 'Kenual'),
('6110022042', '611002', 'Tanjung Tengang'),
('6110032001', '611003', 'Nanga Ella Hilir'),
('6110032002', '611003', 'Lengkong Nyadom'),
('6110032003', '611003', 'Nanga Nuak'),
('6110032004', '611003', 'Nanga Kalan'),
('6110032005', '611003', 'Nanga Nyuruh'),
('6110032006', '611003', 'Nanga Kempangai'),
('6110032007', '611003', 'Kerangan Kora'),
('6110032008', '611003', 'Penyuguk'),
('6110032009', '611003', 'Popai'),
('6110032010', '611003', 'Kahiya'),
('6110032011', '611003', 'Bemban Permai'),
('6110032012', '611003', 'Perembang Nyuruh'),
('6110032013', '611003', 'Sungai Labuk'),
('6110032014', '611003', 'Sungai Mentoba'),
('6110032015', '611003', 'Natai Compa'),
('6110032016', '611003', 'Pelempai Jaya'),
('6110032017', '611003', 'Domet Permai'),
('6110032018', '611003', 'Nyanggau'),
('6110032019', '611003', 'Jabai'),
('6110042001', '611004', 'Menukung Kota'),
('6110042002', '611004', 'Nanga Ella Hulu'),
('6110042003', '611004', 'Sungai Sampuk'),
('6110042004', '611004', 'Landau Leban'),
('6110042005', '611004', 'Tanjung Beringin'),
('6110042006', '611004', 'Nanga Melona Satu'),
('6110042007', '611004', 'Nanga Siyai'),
('6110042008', '611004', 'Nanga Mawang Mentatai'),
('6110042009', '611004', 'Laman Mumbung'),
('6110042010', '611004', 'Belaban Ella'),
('6110042011', '611004', 'Pelaik Keruap'),
('6110042012', '611004', 'Nanga Keruap'),
('6110042013', '611004', 'Batas Nangka'),
('6110042014', '611004', 'Nusa Poring'),
('6110042015', '611004', 'Batu Onap'),
('6110042016', '611004', 'Batu Badak'),
('6110042017', '611004', 'Oyah'),
('6110042018', '611004', 'Lihai'),
('6110042019', '611004', 'Sampak'),
('6110052001', '611005', 'Nanga Sayan'),
('6110052002', '611005', 'Pekawai'),
('6110052003', '611005', 'Landau Sandak'),
('6110052004', '611005', 'Madya Raya'),
('6110052005', '611005', 'Karangan Purun'),
('6110052006', '611005', 'Mekar Pelita'),
('6110052007', '611005', 'Bora'),
('6110052008', '611005', 'Meta Bersatu'),
('6110052009', '611005', 'Nanga Kasai'),
('6110052010', '611005', 'Nanga Kompi'),
('6110052011', '611005', 'Nanga Mancur'),
('6110052012', '611005', 'Siling Permai'),
('6110052013', '611005', 'Lingkar Indah'),
('6110052014', '611005', 'Sayan Jaya'),
('6110052015', '611005', 'Nanga Pak'),
('6110052016', '611005', 'Tumbak Raya'),
('6110052017', '611005', 'Berobai Permai'),
('6110052018', '611005', 'Nanga Raku'),
('6110062001', '611006', 'Batu Begigi'),
('6110062002', '611006', 'Loka Jaya'),
('6110062003', '611006', 'Suka Maju'),
('6110062004', '611006', 'Bina Jaya'),
('6110062005', '611006', 'Bina Karya'),
('6110062006', '611006', 'Madong Jaya'),
('6110062016', '611006', 'Bata Luar'),
('6110062017', '611006', 'Maris Permai'),
('6110062019', '611006', 'Pelita Kenaya'),
('6110062020', '611006', 'Tanjung Beringin Raya'),
('6110062021', '611006', 'Tanjung Gunung'),
('6110062022', '611006', 'Keranjik'),
('6110072001', '611007', 'Nanga Sokan'),
('6110072002', '611007', 'Tanjung Sokan'),
('6110072003', '611007', 'Sijau'),
('6110072004', '611007', 'Keluing Taja'),
('6110072005', '611007', 'Nanga Betangai'),
('6110072006', '611007', 'Gelata'),
('6110072007', '611007', 'Nanga Ora'),
('6110072008', '611007', 'Nanga Libas'),
('6110072009', '611007', 'Telaga Raya'),
('6110072010', '611007', 'Teluk Pongkal'),
('6110072011', '611007', 'Nanga Tangkit'),
('6110072012', '611007', 'Penyengkuang'),
('6110072013', '611007', 'Melana'),
('6110072014', '611007', 'Nanga Potai'),
('6110072015', '611007', 'Sepakat'),
('6110072016', '611007', 'Muara Tanjung'),
('6110072017', '611007', 'Landau Kabu'),
('6110072018', '611007', 'Tanjung Mahung'),
('6110082001', '611008', 'Tekelak'),
('6110082002', '611008', 'Manding'),
('6110082003', '611008', 'Nanga Belimbing'),
('6110082004', '611008', 'Tengkajau'),
('6110082005', '611008', 'Tanjung Paoh'),
('6110082006', '611008', 'Nanga Man'),
('6110082007', '611008', 'Sungai Pinang'),
('6110082008', '611008', 'Engkurai'),
('6110082009', '611008', 'Merpak'),
('6110082010', '611008', 'Senibung'),
('6110082011', '611008', 'Melamut Bersatu'),
('6110082012', '611008', 'Natai Panjang'),
('6110082013', '611008', 'Sungai Raya'),
('6110082014', '611008', 'Merah Arai'),
('6110082015', '611008', 'Suka Damai'),
('6110082016', '611008', 'Tanjung Arak'),
('6110082017', '611008', 'Melawi Kiri Hilir'),
('6110082018', '611008', 'Kompas Raya'),
('6110082019', '611008', 'Kayan Semapau'),
('6110092001', '611009', 'Manggala'),
('6110092002', '611009', 'Senempak'),
('6110092003', '611009', 'Nanga Pintas'),
('6110092004', '611009', 'Landau Garong'),
('6110092005', '611009', 'Bina Jaya'),
('6110092006', '611009', 'Mandau Baru'),
('6110092007', '611009', 'Pelinggang'),
('6110092008', '611009', 'Nyanggai'),
('6110092009', '611009', 'Sungai Bakah'),
('6110092010', '611009', 'Bayur Raya'),
('6110092011', '611009', 'Landau Tubun'),
('6110092012', '611009', 'Nanga Kelawai'),
('6110102001', '611010', 'Tiong Keranji'),
('6110102002', '611010', 'Nanga Tikan'),
('6110102003', '611010', 'Beloyang'),
('6110102004', '611010', 'Nanga Raya'),
('6110102005', '611010', 'Junjung Permai'),
('6110102006', '611010', 'Nanga Keberak'),
('6110102007', '611010', 'Piawas'),
('6110102008', '611010', 'Kayu Bunga'),
('6110112001', '611011', 'Ulak Muid'),
('6110112002', '611011', 'Harapan Jaya'),
('6110112003', '611011', 'Durian Jaya'),
('6110112004', '611011', 'Togan Baru'),
('6110112005', '611011', 'Pelita Jaya'),
('6110112006', '611011', 'Bukit Raya'),
('6110112007', '611011', 'Lintah Taum'),
('6110112008', '611011', 'Laja'),
('6110112009', '611011', 'Keluas Hulu'),
('6110112010', '611011', 'Ganjang'),
('6111012001', '611101', 'Sutera'),
('6111012002', '611101', 'Pangkalan Buton'),
('6111012003', '611101', 'Sejahtera'),
('6111012004', '611101', 'Simpang Tiga'),
('6111012005', '611101', 'Benawai Agung'),
('6111012006', '611101', 'Harapan Mulia'),
('6111012007', '611101', 'Pampang Harapan'),
('6111012008', '611101', 'Sedahan Jaya'),
('6111012009', '611101', 'Gunungsembilan'),
('6111012010', '611101', 'Riam Berasap Jaya'),
('6111022001', '611102', 'Telukmelano'),
('6111022002', '611102', 'Nipah Kuning'),
('6111022003', '611102', 'Pemangkat'),
('6111022004', '611102', 'Padu Banjar'),
('6111022005', '611102', 'Penjalaan'),
('6111022006', '611102', 'Sungaimata-mata'),
('6111022007', '611102', 'Batu Barat'),
('6111022008', '611102', 'Pulaukumbang'),
('6111022009', '611102', 'Rantau Panjang'),
('6111022010', '611102', 'Matan Jaya'),
('6111022011', '611102', 'Medan Jaya'),
('6111022012', '611102', 'Lubuk Batu'),
('6111032001', '611103', 'Mas Bangun'),
('6111032002', '611103', 'Alur Bandung'),
('6111032003', '611103', 'Telukbatang'),
('6111032004', '611103', 'Sungaipaduan'),
('6111032005', '611103', 'Banyu Abang'),
('6111032006', '611103', 'Telukbatang Selatan'),
('6111032007', '611103', 'Telukbatang Utara'),
('6111042001', '611104', 'Tanjungsatai'),
('6111042002', '611104', 'Kemboja'),
('6111042003', '611104', 'Dusun Kecil'),
('6111042004', '611104', 'Dusun Besar'),
('6111042006', '611104', 'Satai Lestari'),
('6111052001', '611105', 'Seponti Jaya'),
('6111052002', '611105', 'Telaga Arum'),
('6111052003', '611105', 'Wonorejo'),
('6111052004', '611105', 'Podorukun'),
('6111052005', '611105', 'Sungai Sepeti'),
('6111052006', '611105', 'Durian Sebatang'),
('6111062001', '611106', 'Pelapis'),
('6111062002', '611106', 'Betok Jaya'),
('6111062003', '611106', 'Padang'),
('6112012001', '611201', 'Sungai Raya'),
('6112012002', '611201', 'Sungai Ambangah'),
('6112012003', '611201', 'Arang Limbung'),
('6112012004', '611201', 'Kuala Dua'),
('6112012005', '611201', 'Tebang Kacang'),
('6112012006', '611201', 'Sungai Asam'),
('6112012007', '611201', 'Pulau Limbung'),
('6112012008', '611201', 'Kapur'),
('6112012009', '611201', 'Gunung Tamang'),
('6112012010', '611201', 'Sungai Bulan'),
('6112012011', '611201', 'Limbung'),
('6112012012', '611201', 'Teluk Kapuas'),
('6112012013', '611201', 'Madu Sari'),
('6112012014', '611201', 'Mekar Sari'),
('6112012015', '611201', 'Mekar Baru'),
('6112012016', '611201', 'Sungai Raya Dalam'),
('6112012017', '611201', 'Parit Baru'),
('6112012018', '611201', 'Pulau Jambu'),
('6112012019', '611201', 'Kalibandung'),
('6112012020', '611201', 'Muara Baru'),
('6112022001', '611202', 'Kuala Mandor B'),
('6112022002', '611202', 'Kubu Padi'),
('6112022003', '611202', 'Kuala Mandor A'),
('6112022004', '611202', 'Retok'),
('6112022005', '611202', 'Sungai Enau'),
('6112032001', '611203', 'Simpang Kanan'),
('6112032002', '611203', 'Mega Timur'),
('6112032003', '611203', 'Bengkarek'),
('6112032004', '611203', 'Lingga'),
('6112032005', '611203', 'Sungai Ambawang Kuala'),
('6112032006', '611203', 'Jawa Tengah'),
('6112032007', '611203', 'Durian'),
('6112032008', '611203', 'Pancaroba'),
('6112032009', '611203', 'Puguk'),
('6112032010', '611203', 'Korek'),
('6112032011', '611203', 'Pasak'),
('6112032012', '611203', 'Pasak Piang'),
('6112032013', '611203', 'Teluk Bakung'),
('6112032015', '611203', 'Sungai Malaya'),
('6112042002', '611204', 'Teluk Empening'),
('6112042003', '611204', 'Terentang Hilir'),
('6112042004', '611204', 'Terentang Hulu'),
('6112042005', '611204', 'Permata'),
('6112042006', '611204', 'Betuah'),
('6112042007', '611204', 'Sungai Radak Satu'),
('6112042008', '611204', 'Sungai Radak Dua'),
('6112042009', '611204', 'Sungai Dungun'),
('6112042010', '611204', 'Teluk Bayur'),
('6112042011', '611204', 'Radak Baru'),
('6112052001', '611205', 'Tanjung Beringin'),
('6112052002', '611205', 'Batu Ampar'),
('6112052003', '611205', 'Teluk Nibung'),
('6112052004', '611205', 'Padang Tikar Satu'),
('6112052005', '611205', 'Padang Tikar Dua'),
('6112052006', '611205', 'Tasik Malaya'),
('6112052007', '611205', 'Sungai Besar'),
('6112052008', '611205', 'Sungai Jawi'),
('6112052009', '611205', 'Nipah Panjang'),
('6112052010', '611205', 'Ambarawa'),
('6112052011', '611205', 'Tanjung Harapan'),
('6112052012', '611205', 'Sungai Kerawang'),
('6112052013', '611205', 'Sumber Agung'),
('6112052014', '611205', 'Muara Tiga'),
('6112052015', '611205', 'Medan Mas'),
('6112062001', '611206', 'Kubu'),
('6112062002', '611206', 'Olak-Olak Kubu'),
('6112062003', '611206', 'Sungai Selamat'),
('6112062004', '611206', 'Sungai Bemban'),
('6112062005', '611206', 'Pinang Luar'),
('6112062006', '611206', 'Seruat Dua'),
('6112062007', '611206', 'Seruat Tiga'),
('6112062008', '611206', 'Dabong'),
('6112062009', '611206', 'Ambawang'),
('6112062010', '611206', 'Sepakat Baru'),
('6112062011', '611206', 'Kampung Baru'),
('6112062012', '611206', 'Air Putih'),
('6112062013', '611206', 'Teluk Nangka'),
('6112062014', '611206', 'Jangkang Satu'),
('6112062015', '611206', 'Jangkang Dua'),
('6112062016', '611206', 'Pinang Dalam'),
('6112062017', '611206', 'Sungai Terus'),
('6112062018', '611206', 'Pelita Jaya'),
('6112062019', '611206', 'Mengkalang'),
('6112062020', '611206', 'Mengkalang Jambu'),
('6112072001', '611207', 'Rasau Jaya Umum'),
('6112072002', '611207', 'Rasau Jaya Satu'),
('6112072003', '611207', 'Rasau Jaya Dua'),
('6112072004', '611207', 'Rasau Jaya Tiga'),
('6112072005', '611207', 'Bintang Mas'),
('6112072006', '611207', 'Pematang Tujuh'),
('6112082001', '611208', 'Teluk Pakedai Hulu'),
('6112082002', '611208', 'Teluk Pakedai Satu'),
('6112082003', '611208', 'Teluk Pakedai Dua'),
('6112082004', '611208', 'Kuala Karang'),
('6112082005', '611208', 'Seruat Satu'),
('6112082006', '611208', 'Sungai Deras'),
('6112082007', '611208', 'Selat Remis'),
('6112082008', '611208', 'Madura'),
('6112082009', '611208', 'Pasir Putih'),
('6112082010', '611208', 'Teluk Gelam'),
('6112082011', '611208', 'Tanjung Bunga'),
('6112082012', '611208', 'Sungai Nibung'),
('6112082013', '611208', 'Arus Deras'),
('6112082014', '611208', 'Sungai Nipah'),
('6112092001', '611209', 'Sungai Kakap'),
('6112092002', '611209', 'Sungai Itik'),
('6112092003', '611209', 'Jeruju Besar'),
('6112092004', '611209', 'Sungai Kupah'),
('6112092005', '611209', 'Sungai Rengas'),
('6112092006', '611209', 'Pal Sembilan'),
('6112092007', '611209', 'Sungai Belidak'),
('6112092008', '611209', 'Kalimas'),
('6112092009', '611209', 'Pungur Kecil'),
('6112092010', '611209', 'Pungur Besar'),
('6112092011', '611209', 'Tanjung Saleh'),
('6112092012', '611209', 'Sepuk Laut'),
('6112092013', '611209', 'Punggur Kapuas'),
('6171011002', '617101', 'Benuamelayu Laut'),
('6171011003', '617101', 'Benuamelayu Darat'),
('6171011004', '617101', 'Parittokaya'),
('6171011005', '617101', 'Kotabaru'),
('6171011006', '617101', 'Akcaya'),
('6171021001', '617102', 'Paritmayor'),
('6171021002', '617102', 'Banjar Serasan'),
('6171021003', '617102', 'Saigon'),
('6171021004', '617102', 'Tanjunghulu'),
('6171021005', '617102', 'Tanjunghilir'),
('6171021006', '617102', 'Dalambugis'),
('6171021007', '617102', 'Tambelansampit'),
('6171031001', '617103', 'Pallima'),
('6171031002', '617103', 'Sungaijawi Dalam'),
('6171031003', '617103', 'Sungaijawi Luar'),
('6171031004', '617103', 'Sungaibeliung'),
('6171041001', '617104', 'Siantan Hulu'),
('6171041002', '617104', 'Siantan Tengah'),
('6171041003', '617104', 'Siantan Hilir'),
('6171041004', '617104', 'Batulayang'),
('6171051001', '617105', 'Sungaibangkong'),
('6171051002', '617105', 'Daratsekip'),
('6171051003', '617105', 'Tengah'),
('6171051004', '617105', 'Mariana'),
('6171051005', '617105', 'Sungaijawi'),
('6171061001', '617106', 'Bansir Laut'),
('6171061002', '617106', 'Bansir Darat'),
('6171061003', '617106', 'Bangka Belitung Laut'),
('6171061004', '617106', 'Bangka Belitung Darat'),
('6172011001', '617201', 'Roban'),
('6172011002', '617201', 'Condong'),
('6172011003', '617201', 'Sekip Lama'),
('6172011004', '617201', 'Jawa'),
('6172011005', '617201', 'Bukit Batu'),
('6172011006', '617201', 'Sungai Wie'),
('6172021001', '617202', 'Pasiran'),
('6172021002', '617202', 'Melayu'),
('6172021003', '617202', 'Tengah'),
('6172021004', '617202', 'Kuala'),
('6172031001', '617203', 'Pajintan'),
('6172031002', '617203', 'Nyarumkop'),
('6172031003', '617203', 'Maya Sopa'),
('6172031004', '617203', 'Bagak Sahwa'),
('6172031005', '617203', 'Sanggau Kulor'),
('6172041001', '617204', 'Sungai Garam Hilir'),
('6172041002', '617204', 'Naram'),
('6172041003', '617204', 'Sungai Bulan'),
('6172041004', '617204', 'Sungai Rasau'),
('6172041005', '617204', 'Setapuk Kecil'),
('6172041006', '617204', 'Setapuk Besar'),
('6172041007', '617204', 'Semelagi Kecil'),
('6172051001', '617205', 'Sedau'),
('6172051002', '617205', 'Sagatani'),
('6172051003', '617205', 'Sijangkung'),
('6172051004', '617205', 'Pangmilang');

-- --------------------------------------------------------

--
-- Struktur dari tabel `roles`
--

CREATE TABLE `roles` (
  `id` bigint(20) UNSIGNED NOT NULL,
  `name` varchar(255) COLLATE utf8mb4_unicode_ci NOT NULL,
  `created_at` timestamp NULL DEFAULT NULL,
  `updated_at` timestamp NULL DEFAULT NULL
) ENGINE=InnoDB DEFAULT CHARSET=utf8mb4 COLLATE=utf8mb4_unicode_ci;

--
-- Dumping data untuk tabel `roles`
--

INSERT INTO `roles` (`id`, `name`, `created_at`, `updated_at`) VALUES
(1, 'Admin', NULL, NULL),
(2, 'Da\'i', NULL, '2021-04-19 20:33:42');

-- --------------------------------------------------------

--
-- Struktur dari tabel `role_user`
--

CREATE TABLE `role_user` (
  `id` bigint(20) UNSIGNED NOT NULL,
  `role_id` bigint(20) UNSIGNED NOT NULL,
  `user_id` bigint(20) UNSIGNED NOT NULL,
  `created_at` timestamp NULL DEFAULT NULL,
  `updated_at` timestamp NULL DEFAULT NULL
) ENGINE=InnoDB DEFAULT CHARSET=utf8mb4 COLLATE=utf8mb4_unicode_ci;

-- --------------------------------------------------------

--
-- Struktur dari tabel `users`
--

CREATE TABLE `users` (
  `id` bigint(20) UNSIGNED NOT NULL,
  `email` varchar(255) COLLATE utf8mb4_unicode_ci NOT NULL,
  `email_verified_at` timestamp NULL DEFAULT NULL,
  `password` varchar(255) COLLATE utf8mb4_unicode_ci NOT NULL,
  `remember_token` varchar(100) COLLATE utf8mb4_unicode_ci DEFAULT NULL,
  `image` varchar(255) COLLATE utf8mb4_unicode_ci DEFAULT NULL,
  `nohp` varchar(255) COLLATE utf8mb4_unicode_ci DEFAULT NULL,
  `alamat` varchar(255) COLLATE utf8mb4_unicode_ci DEFAULT NULL,
  `role_id` bigint(20) DEFAULT NULL,
  `created_at` timestamp NULL DEFAULT NULL,
  `updated_at` timestamp NULL DEFAULT NULL,
  `roles` varchar(255) COLLATE utf8mb4_unicode_ci NOT NULL DEFAULT 'USER',
  `username` varchar(255) COLLATE utf8mb4_unicode_ci NOT NULL
) ENGINE=InnoDB DEFAULT CHARSET=utf8mb4 COLLATE=utf8mb4_unicode_ci;

--
-- Dumping data untuk tabel `users`
--

INSERT INTO `users` (`id`, `email`, `email_verified_at`, `password`, `remember_token`, `image`, `nohp`, `alamat`, `role_id`, `created_at`, `updated_at`, `roles`, `username`) VALUES
(2, 'dianbugas@gmail.com', '2021-03-03 07:47:56', '$2y$10$xCyW.G92PFxusD7.jjRX8Oe/WK1E1mwEsgw7nDsV2j0LdI0mlwHja', '4ZFfipm4b4lj3fZUceoSF7OlnVPakD9fvT2wtvR0KmbdYV6byY6rIqKT2fa8', 'apple-touch-icon.png', '0895702213419', 'Jl. Adi Sucipto No.4, Sungai Raya, Kec. Sungai Raya, Kabupaten Kubu Raya, Kalimantan Barat 782345', 1, '2021-03-21 00:02:03', '2021-05-20 20:46:04', 'ADMIN', 'Admin'),
(34, 'ustadzyanto@gmail.com', '2021-04-21 20:02:00', '$2y$10$MsSVpDA14sKddmlPkC.4ouxOPg881ecvIYb9lpC4tBNAo2a4zc3P.', NULL, 'defaultUserDaiYbmPln.jpg', '0895702213410', 'Sanggau', 2, '2021-04-21 20:02:41', '2021-05-20 20:52:55', 'USER', 'Ustadz Yanto');

--
-- Indexes for dumped tables
--

--
-- Indeks untuk tabel `failed_jobs`
--
ALTER TABLE `failed_jobs`
  ADD PRIMARY KEY (`id`);

--
-- Indeks untuk tabel `kegiatans`
--
ALTER TABLE `kegiatans`
  ADD PRIMARY KEY (`id`);

--
-- Indeks untuk tabel `kegiatan_details`
--
ALTER TABLE `kegiatan_details`
  ADD PRIMARY KEY (`id`);

--
-- Indeks untuk tabel `kontak`
--
ALTER TABLE `kontak`
  ADD PRIMARY KEY (`id`);

--
-- Indeks untuk tabel `kontaks`
--
ALTER TABLE `kontaks`
  ADD PRIMARY KEY (`id`);

--
-- Indeks untuk tabel `migrations`
--
ALTER TABLE `migrations`
  ADD PRIMARY KEY (`id`);

--
-- Indeks untuk tabel `mualafs`
--
ALTER TABLE `mualafs`
  ADD PRIMARY KEY (`id`);

--
-- Indeks untuk tabel `mualaf_details`
--
ALTER TABLE `mualaf_details`
  ADD PRIMARY KEY (`id`);

--
-- Indeks untuk tabel `password_resets`
--
ALTER TABLE `password_resets`
  ADD KEY `password_resets_email_index` (`email`);

--
-- Indeks untuk tabel `reg_districts`
--
ALTER TABLE `reg_districts`
  ADD PRIMARY KEY (`id`),
  ADD KEY `districts_regency_id_index` (`regency_id`) USING BTREE;

--
-- Indeks untuk tabel `reg_provinces`
--
ALTER TABLE `reg_provinces`
  ADD PRIMARY KEY (`id`);

--
-- Indeks untuk tabel `reg_regencies`
--
ALTER TABLE `reg_regencies`
  ADD PRIMARY KEY (`id`),
  ADD KEY `regencies_province_id_index` (`province_id`) USING BTREE;

--
-- Indeks untuk tabel `reg_villages`
--
ALTER TABLE `reg_villages`
  ADD PRIMARY KEY (`id`),
  ADD KEY `villages_district_id_index` (`district_id`);

--
-- Indeks untuk tabel `roles`
--
ALTER TABLE `roles`
  ADD PRIMARY KEY (`id`);

--
-- Indeks untuk tabel `role_user`
--
ALTER TABLE `role_user`
  ADD PRIMARY KEY (`id`);

--
-- Indeks untuk tabel `users`
--
ALTER TABLE `users`
  ADD PRIMARY KEY (`id`),
  ADD UNIQUE KEY `users_email_unique` (`email`);

--
-- AUTO_INCREMENT untuk tabel yang dibuang
--

--
-- AUTO_INCREMENT untuk tabel `failed_jobs`
--
ALTER TABLE `failed_jobs`
  MODIFY `id` bigint(20) UNSIGNED NOT NULL AUTO_INCREMENT;

--
-- AUTO_INCREMENT untuk tabel `kegiatans`
--
ALTER TABLE `kegiatans`
  MODIFY `id` bigint(20) UNSIGNED NOT NULL AUTO_INCREMENT, AUTO_INCREMENT=91;

--
-- AUTO_INCREMENT untuk tabel `kegiatan_details`
--
ALTER TABLE `kegiatan_details`
  MODIFY `id` bigint(20) UNSIGNED NOT NULL AUTO_INCREMENT, AUTO_INCREMENT=65;

--
-- AUTO_INCREMENT untuk tabel `kontak`
--
ALTER TABLE `kontak`
  MODIFY `id` bigint(20) UNSIGNED NOT NULL AUTO_INCREMENT, AUTO_INCREMENT=24;

--
-- AUTO_INCREMENT untuk tabel `kontaks`
--
ALTER TABLE `kontaks`
  MODIFY `id` bigint(20) UNSIGNED NOT NULL AUTO_INCREMENT, AUTO_INCREMENT=19;

--
-- AUTO_INCREMENT untuk tabel `migrations`
--
ALTER TABLE `migrations`
  MODIFY `id` int(10) UNSIGNED NOT NULL AUTO_INCREMENT, AUTO_INCREMENT=33;

--
-- AUTO_INCREMENT untuk tabel `mualafs`
--
ALTER TABLE `mualafs`
  MODIFY `id` bigint(20) UNSIGNED NOT NULL AUTO_INCREMENT, AUTO_INCREMENT=69;

--
-- AUTO_INCREMENT untuk tabel `mualaf_details`
--
ALTER TABLE `mualaf_details`
  MODIFY `id` bigint(20) UNSIGNED NOT NULL AUTO_INCREMENT, AUTO_INCREMENT=25;

--
-- AUTO_INCREMENT untuk tabel `roles`
--
ALTER TABLE `roles`
  MODIFY `id` bigint(20) UNSIGNED NOT NULL AUTO_INCREMENT, AUTO_INCREMENT=5;

--
-- AUTO_INCREMENT untuk tabel `role_user`
--
ALTER TABLE `role_user`
  MODIFY `id` bigint(20) UNSIGNED NOT NULL AUTO_INCREMENT;

--
-- AUTO_INCREMENT untuk tabel `users`
--
ALTER TABLE `users`
  MODIFY `id` bigint(20) UNSIGNED NOT NULL AUTO_INCREMENT, AUTO_INCREMENT=40;

--
-- Ketidakleluasaan untuk tabel pelimpahan (Dumped Tables)
--

--
-- Ketidakleluasaan untuk tabel `reg_districts`
--
ALTER TABLE `reg_districts`
  ADD CONSTRAINT `district_regency_foreign` FOREIGN KEY (`regency_id`) REFERENCES `reg_regencies` (`id`);

--
-- Ketidakleluasaan untuk tabel `reg_regencies`
--
ALTER TABLE `reg_regencies`
  ADD CONSTRAINT `regency_province_foreign` FOREIGN KEY (`province_id`) REFERENCES `reg_provinces` (`id`);

--
-- Ketidakleluasaan untuk tabel `reg_villages`
--
ALTER TABLE `reg_villages`
  ADD CONSTRAINT `village_district_foreign` FOREIGN KEY (`district_id`) REFERENCES `reg_districts` (`id`);
COMMIT;

/*!40101 SET CHARACTER_SET_CLIENT=@OLD_CHARACTER_SET_CLIENT */;
/*!40101 SET CHARACTER_SET_RESULTS=@OLD_CHARACTER_SET_RESULTS */;
/*!40101 SET COLLATION_CONNECTION=@OLD_COLLATION_CONNECTION */;
